email,phone,amount,date
alice.brown@example.com,5559885152,0.00,2021-10-25
alice.brown@outlook.com,INVALID,680.34,INVALID
alice.davis@company.com,INVALID,0.00,INVALID
alice.davis@company.com,INVALID,4284.84,2021-12-09
alice.davis@example.com,INVALID,3131.06,2024-12-21
alice.davis@test.com,INVALID,2996.27,2023-11-15
alice.johnson@company.com,INVALID,0.00,INVALID
alice.johnson@outlook.com,5551663285,2715.00,INVALID
alice.jones@company.com,5552444932,1901.15,INVALID
alice.jones@example.com,5559645288,3127.16,2022-05-23
alice.jones@example.com,INVALID,0.00,2023-12-28
alice.miller@example.com,5552486745,3249.66,2024-12-01
alice.miller@gmail.com,INVALID,0.00,INVALID
alice.moore@example.com,INVALID,4237.09,INVALID
alice.taylor@gmail.com,5551445570,3049.00,2021-03-15
alice.taylor@yahoo.com,5553032444,2544.64,2020-05-08
alice.williams@gmail.com,5557982298,0.00,INVALID
alice.williams@test.com,5555482393,3481.68,INVALID
alice.wilson@example.com,INVALID,0.00,2020-12-20
alice.wilson@test.com,INVALID,1010.00,INVALID
anna.brown@outlook.com,5551928628,3426.86,2020-05-21
anna.brown@test.com,INVALID,4588.44,2020-01-03
anna.brown@yahoo.com,5554706199,0.00,2024-11-01
anna.davis@gmail.com,INVALID,879.68,INVALID
anna.johnson@example.com,INVALID,0.00,INVALID
anna.johnson@gmail.com,INVALID,331.05,2020-05-23
anna.jones@gmail.com,5551831873,3743.35,2024-12-11
anna.jones@test.com,INVALID,1315.04,2023-02-02
anna.miller@test.com,5558348414,0.00,2021-10-19
anna.moore@company.com,INVALID,2266.00,2020-10-15
anna.moore@example.com,INVALID,2681.00,2022-06-18
anna.moore@test.com,5554736230,4123.74,INVALID
anna.smith@company.com,INVALID,1771.90,2024-11-10
anna.taylor@example.com,INVALID,1579.60,2020-02-03
anna.taylor@yahoo.com,INVALID,442.18,2021-11-08
anna.williams@gmail.com,5558455511,0.00,INVALID
anna.williams@gmail.com,INVALID,0.00,2025-07-21
anna.williams@yahoo.com,INVALID,2776.95,2022-02-03
anna.wilson@example.com,INVALID,3727.90,INVALID
anna.wilson@yahoo.com,5555431853,0.00,INVALID
anna.wilson@yahoo.com,5555317951,3968.91,2025-04-13
blank.line@example.com,INVALID,0.00,INVALID
bob.brown@example.com,5558877622,0.00,INVALID
bob.brown@gmail.com,INVALID,0.00,2024-08-17
bob.brown@gmail.com,INVALID,1580.95,2020-05-26
bob.davis@company.com,5556059004,1308.05,INVALID
bob.davis@example.com,INVALID,3913.00,INVALID
bob.davis@yahoo.com,5554221943,4922.60,INVALID
bob.davis@yahoo.com,INVALID,3133.69,2024-12-16
bob.johnson@gmail.com,INVALID,0.00,2022-11-05
bob.jones@example.com,5558082813,3454.31,INVALID
bob.jones@gmail.com,5553773343,0.00,INVALID
bob.jones@gmail.com,INVALID,2267.52,2024-04-14
bob.miller@example.com,5558543311,0.00,2023-01-25
bob.moore@example.com,5551607549,0.00,INVALID
bob.moore@gmail.com,5559456881,0.00,INVALID
bob.moore@outlook.com,INVALID,0.00,INVALID
bob.moore@yahoo.com,5557414815,0.00,INVALID
bob.smith@test.com,INVALID,4433.06,INVALID
bob.taylor@company.com,5555179002,566.63,2024-08-01
bob.taylor@company.com,5551254692,3585.07,INVALID
bob.taylor@yahoo.com,INVALID,4326.59,2020-04-08
bob.williams@company.com,5559134211,2017.00,INVALID
bob.williams@example.com,5557953229,2587.00,2023-09-10
bob.williams@gmail.com,INVALID,1040.16,INVALID
bob.williams@outlook.com,5555289986,0.00,INVALID
bob.williams@test.com,INVALID,0.00,2020-06-13
bob.williams@yahoo.com,INVALID,725.97,INVALID
bob.wilson@outlook.com,INVALID,1220.90,2025-07-19
bob.wilson@test.com,INVALID,2100.19,INVALID
brian.brown@example.com,5559398002,2366.17,2022-04-07
brian.brown@gmail.com,5557647852,4751.61,2021-12-08
brian.brown@outlook.com,5553978968,1347.00,2021-10-21
brian.davis@company.com,5552615345,0.00,INVALID
brian.davis@example.com,5559136013,2439.83,2024-04-08
brian.davis@example.com,5558062248,0.00,INVALID
brian.davis@outlook.com,INVALID,4417.52,INVALID
brian.johnson@outlook.com,5559191088,2395.77,INVALID
brian.johnson@outlook.com,5553831829,338.45,2024-10-28
brian.johnson@test.com,5555784326,257.00,2022-06-28
brian.johnson@test.com,INVALID,1600.39,2025-08-25
brian.jones@company.com,5559501275,0.00,INVALID
brian.jones@company.com,INVALID,1459.44,INVALID
brian.jones@example.com,INVALID,4081.00,INVALID
brian.jones@outlook.com,INVALID,3255.55,2021-01-23
brian.miller@company.com,5554239790,3830.90,2024-10-17
brian.moore@example.com,5559822108,4407.94,2022-07-25
brian.moore@example.com,INVALID,925.23,2025-02-26
brian.moore@test.com,INVALID,4243.41,INVALID
brian.smith@gmail.com,INVALID,0.00,INVALID
brian.smith@outlook.com,5554244550,3850.86,INVALID
brian.taylor@test.com,INVALID,2812.54,2021-08-19
brian.williams@gmail.com,5551599861,4825.35,2022-02-27
brian.williams@gmail.com,5552288668,4879.75,INVALID
brian.williams@outlook.com,5556255166,1589.00,2020-06-26
brian.williams@outlook.com,5552846057,2218.98,INVALID
brian.williams@test.com,5551024530,650.65,2023-09-11
brian.wilson@company.com,5556772738,2294.00,2025-05-04
brian.wilson@example.com,5551581450,3315.00,2022-10-12
brian.wilson@example.com,5553713415,0.00,INVALID
brian.wilson@gmail.com,5559387313,1857.33,2023-06-02
brian.wilson@yahoo.com,5558492432,0.00,INVALID
charlie.brown@gmail.com,INVALID,0.00,2021-03-26
charlie.brown@gmail.com,INVALID,0.00,INVALID
charlie.brown@outlook.com,5554386189,1127.95,2023-01-28
charlie.brown@test.com,INVALID,4198.01,2021-03-12
charlie.davis@example.com,INVALID,4909.84,2025-08-10
charlie.johnson@example.com,5559008249,494.38,INVALID
charlie.johnson@gmail.com,5551804212,2098.00,2021-11-26
charlie.jones@example.com,5555334090,1704.59,2023-04-10
charlie.jones@outlook.com,5556444130,0.00,2024-11-24
charlie.jones@test.com,5556449229,0.00,2021-01-09
charlie.miller@yahoo.com,5557185719,0.00,2023-05-12
charlie.moore@company.com,5553669032,4435.86,INVALID
charlie.moore@gmail.com,INVALID,0.00,2025-05-23
charlie.smith@example.com,5556913632,2141.47,INVALID
charlie.smith@gmail.com,INVALID,1274.00,2025-05-17
charlie.smith@outlook.com,INVALID,145.12,INVALID
charlie.smith@yahoo.com,INVALID,241.11,2023-06-19
charlie.smith@yahoo.com,5559205416,399.83,2023-11-01
charlie.taylor@company.com,INVALID,2626.00,2022-07-04
charlie.taylor@gmail.com,INVALID,4716.37,INVALID
charlie.taylor@test.com,INVALID,4083.97,INVALID
charlie.wilson@gmail.com,5555138843,0.00,INVALID
charlie.wilson@outlook.com,INVALID,4466.07,2020-05-05
diana.brown@company.com,5556163113,3357.44,INVALID
diana.brown@gmail.com,5553406338,1232.34,2020-02-12
diana.brown@outlook.com,5554549126,0.00,INVALID
diana.brown@yahoo.com,INVALID,0.00,INVALID
diana.davis@company.com,INVALID,0.00,INVALID
diana.johnson@example.com,5556305957,3857.37,2021-09-14
diana.johnson@gmail.com,INVALID,1653.27,INVALID
diana.johnson@outlook.com,INVALID,2263.00,INVALID
diana.johnson@outlook.com,5553764559,1505.14,2021-08-10
diana.johnson@yahoo.com,5559946200,0.00,2024-05-21
diana.jones@company.com,INVALID,2950.19,INVALID
diana.jones@outlook.com,INVALID,3504.23,INVALID
diana.jones@test.com,INVALID,0.00,2022-04-24
diana.miller@gmail.com,INVALID,3473.00,INVALID
diana.miller@test.com,INVALID,4372.00,2023-04-14
diana.moore@gmail.com,5551154466,4574.00,2022-06-25
diana.smith@company.com,5557297721,3082.00,INVALID
diana.smith@company.com,5556613370,3016.65,INVALID
diana.smith@outlook.com,INVALID,0.00,2020-12-27
diana.taylor@test.com,INVALID,2434.11,2025-07-16
diana.taylor@test.com,INVALID,0.00,INVALID
diana.taylor@yahoo.com,5557121440,34.54,INVALID
diana.williams@company.com,INVALID,2688.26,INVALID
diana.williams@example.com,5555476098,2319.16,2024-04-12
diana.williams@outlook.com,5553253628,0.00,INVALID
dot.only@example.com,5550000000,0.00,2024-02-14
duplicate.test@gmail.com,5551234567,1234.56,2024-03-15
duplicate.test@gmail.com,5551234567,2000.00,2024-03-15
duplicate.test@gmail.com,5551234567,1234.56,2024-04-20
eve.brown@company.com,5558332181,271.86,INVALID
eve.brown@test.com,INVALID,0.00,2023-04-19
eve.brown@yahoo.com,INVALID,0.00,INVALID
eve.brown@yahoo.com,INVALID,3418.90,INVALID
eve.davis@example.com,5555162270,0.00,2024-02-24
eve.davis@outlook.com,5552072162,725.17,INVALID
eve.davis@yahoo.com,INVALID,2888.42,INVALID
eve.johnson@test.com,INVALID,3950.90,2024-02-20
eve.johnson@test.com,5558701870,4193.02,2022-05-23
eve.jones@example.com,INVALID,851.00,INVALID
eve.jones@example.com,INVALID,4658.07,INVALID
eve.jones@gmail.com,5558317533,1244.00,2024-05-19
eve.jones@yahoo.com,INVALID,4677.00,2023-06-10
eve.jones@yahoo.com,INVALID,3145.36,INVALID
eve.jones@yahoo.com,5556638642,3144.86,INVALID
eve.miller@gmail.com,5559394114,3133.23,INVALID
eve.miller@test.com,5553252860,2313.64,2023-07-24
eve.miller@yahoo.com,5558448638,0.00,2024-09-27
eve.moore@company.com,5555016139,3893.85,INVALID
eve.moore@outlook.com,5555566500,4764.00,INVALID
eve.moore@yahoo.com,5558403666,0.00,2023-12-26
eve.moore@yahoo.com,5553189114,1895.14,INVALID
eve.smith@example.com,INVALID,0.00,INVALID
eve.smith@outlook.com,INVALID,4498.07,2023-10-27
eve.smith@outlook.com,5551779710,4399.64,INVALID
eve.smith@test.com,5555681575,1242.00,INVALID
eve.taylor@company.com,5559146915,0.00,2023-05-05
eve.taylor@company.com,INVALID,2135.65,2022-02-14
eve.taylor@company.com,INVALID,1115.77,2024-04-10
eve.taylor@gmail.com,INVALID,0.00,2025-09-15
eve.taylor@outlook.com,5553867528,0.00,INVALID
eve.taylor@test.com,5559297760,0.00,2024-03-04
eve.taylor@test.com,5557028781,4928.13,INVALID
eve.williams@gmail.com,5556559648,0.00,2020-10-11
eve.williams@gmail.com,INVALID,0.00,2023-03-24
eve.wilson@example.com,INVALID,2643.78,INVALID
eve.wilson@example.com,5557904553,911.92,2022-04-10
eve.wilson@gmail.com,5554949252,3329.49,INVALID
eve.wilson@gmail.com,INVALID,1215.07,2022-02-17
eve.wilson@test.com,INVALID,0.00,2023-08-02
eve.wilson@yahoo.com,INVALID,711.98,2020-11-25
frank.brown@example.com,5559765593,4348.00,2025-09-17
frank.brown@example.com,5557664520,1166.05,2025-09-25
frank.brown@test.com,INVALID,1945.61,2021-05-08
frank.brown@yahoo.com,5554131179,788.20,INVALID
frank.davis@test.com,INVALID,0.00,INVALID
frank.johnson@example.com,INVALID,1850.12,2020-12-25
frank.johnson@outlook.com,INVALID,317.10,2023-03-09
frank.johnson@test.com,5555019123,1016.18,2020-04-21
frank.johnson@yahoo.com,INVALID,48.68,2023-06-01
frank.miller@test.com,5559247298,119.00,INVALID
frank.miller@test.com,INVALID,0.00,INVALID
frank.moore@outlook.com,INVALID,2530.14,INVALID
frank.smith@example.com,5558915557,0.00,INVALID
frank.smith@outlook.com,INVALID,0.00,INVALID
frank.smith@outlook.com,INVALID,2941.30,INVALID
frank.smith@yahoo.com,5559092528,1220.45,INVALID
frank.taylor@test.com,INVALID,0.00,2024-08-22
frank.taylor@test.com,5556209171,3186.43,2020-06-09
frank.williams@outlook.com,5557152681,0.00,INVALID
frank.williams@outlook.com,5551765979,0.00,2021-06-15
frank.wilson@gmail.com,INVALID,547.81,INVALID
frank.wilson@gmail.com,INVALID,0.00,INVALID
frank.wilson@gmail.com,5552429668,0.00,2025-06-18
frank.wilson@yahoo.com,INVALID,1260.68,2023-09-07
grace.brown@gmail.com,INVALID,686.69,2024-07-14
grace.brown@gmail.com,5555434501,0.00,2020-04-07
grace.davis@example.com,5557961169,0.00,2024-06-19
grace.davis@example.com,INVALID,879.19,2022-02-08
grace.davis@yahoo.com,INVALID,3032.15,2023-11-08
grace.davis@yahoo.com,5555531823,4992.38,2021-06-22
grace.miller@test.com,INVALID,2877.00,2021-01-08
grace.moore@company.com,5551098637,0.00,INVALID
grace.moore@outlook.com,5556828946,0.00,INVALID
grace.smith@example.com,INVALID,2505.15,INVALID
grace.wilson@outlook.com,5558373398,4992.50,2022-02-24
grace.wilson@test.com,5555601607,164.38,INVALID
grace.wilson@yahoo.com,INVALID,2850.32,INVALID
henry.brown@company.com,5559188456,0.00,INVALID
henry.brown@test.com,INVALID,0.00,INVALID
henry.davis@example.com,INVALID,0.00,2025-04-15
henry.davis@example.com,5558478576,1692.63,2020-01-18
henry.davis@gmail.com,5559454543,0.00,INVALID
henry.davis@outlook.com,INVALID,328.95,INVALID
henry.johnson@company.com,INVALID,2495.42,INVALID
henry.johnson@company.com,5558045715,4964.54,2020-10-23
henry.johnson@company.com,INVALID,0.00,INVALID
henry.johnson@example.com,5551741711,3344.00,2023-02-18
henry.johnson@gmail.com,5558561195,1750.59,INVALID
henry.jones@example.com,INVALID,3196.44,2023-03-11
henry.jones@test.com,INVALID,0.00,2025-01-10
henry.miller@example.com,INVALID,2135.26,INVALID
henry.miller@gmail.com,5556062777,4715.97,2025-01-16
henry.miller@outlook.com,INVALID,0.00,2022-08-06
henry.miller@test.com,5552951307,0.00,2020-09-12
henry.moore@company.com,INVALID,1219.01,INVALID
henry.moore@gmail.com,5556087556,0.00,2021-05-18
henry.moore@gmail.com,INVALID,688.65,INVALID
henry.smith@test.com,5555506601,823.58,INVALID
henry.taylor@company.com,INVALID,1389.00,2021-08-22
henry.taylor@gmail.com,INVALID,3455.28,INVALID
henry.taylor@outlook.com,INVALID,0.00,INVALID
henry.taylor@test.com,INVALID,2279.11,2023-07-24
henry.williams@company.com,5553927909,0.00,2020-07-05
henry.wilson@example.com,5551704028,2664.82,2023-08-17
henry.wilson@outlook.com,INVALID,2603.66,2021-08-16
irene.brown@gmail.com,INVALID,2504.85,2020-08-06
irene.brown@outlook.com,5556396581,978.88,2024-02-28
irene.brown@test.com,5552302442,3290.81,2021-10-11
irene.brown@test.com,INVALID,2266.00,INVALID
irene.brown@yahoo.com,INVALID,1976.58,2025-05-02
irene.davis@company.com,5551155931,1649.00,2020-09-07
irene.davis@example.com,5559677601,4697.52,INVALID
irene.davis@example.com,5556366097,2539.89,INVALID
irene.davis@gmail.com,INVALID,1299.73,2023-07-15
irene.davis@outlook.com,INVALID,2297.50,2024-01-13
irene.johnson@outlook.com,5556498470,3672.00,2022-02-01
irene.johnson@yahoo.com,INVALID,433.72,INVALID
irene.johnson@yahoo.com,INVALID,2833.43,INVALID
irene.jones@company.com,5556362926,805.41,2023-06-11
irene.jones@gmail.com,5555836164,4513.07,2024-04-16
irene.jones@outlook.com,5554355063,0.00,2021-09-13
irene.jones@yahoo.com,5553834859,3862.94,2022-12-21
irene.miller@company.com,INVALID,1236.05,INVALID
irene.miller@gmail.com,5558039201,562.65,2024-03-01
irene.miller@outlook.com,5553463137,4487.76,2024-10-15
irene.miller@yahoo.com,5552241478,1148.77,2025-05-18
irene.moore@gmail.com,5554646850,1042.54,2025-09-09
irene.moore@yahoo.com,INVALID,686.64,INVALID
irene.smith@company.com,INVALID,3937.98,2025-02-04
irene.smith@outlook.com,5556139031,0.00,INVALID
irene.smith@yahoo.com,INVALID,2819.05,2021-03-20
irene.smith@yahoo.com,INVALID,0.00,INVALID
irene.taylor@example.com,5553039087,2937.12,2021-05-17
irene.taylor@gmail.com,5551222216,3674.93,2021-05-11
irene.williams@yahoo.com,INVALID,897.59,2023-02-18
irene.wilson@company.com,INVALID,821.71,INVALID
jack.brown@company.com,5551567743,1457.03,2024-01-03
jack.brown@company.com,5552189937,2608.86,INVALID
jack.brown@company.com,5558622538,0.00,2023-01-16
jack.brown@example.com,5559296166,3106.42,INVALID
jack.brown@outlook.com,INVALID,1605.10,2020-10-04
jack.davis@gmail.com,INVALID,1091.07,INVALID
jack.davis@gmail.com,INVALID,2933.74,INVALID
jack.davis@outlook.com,INVALID,811.04,INVALID
jack.johnson@example.com,5556385091,1661.14,2022-08-15
jack.johnson@gmail.com,5559628230,4110.61,2021-01-13
jack.johnson@outlook.com,5553423969,927.61,2024-12-27
jack.johnson@yahoo.com,INVALID,4985.55,2020-08-01
jack.jones@example.com,INVALID,3036.54,INVALID
jack.jones@test.com,INVALID,2033.00,2023-06-05
jack.miller@outlook.com,5552323952,2300.70,2023-02-18
jack.miller@test.com,INVALID,0.00,2024-01-07
jack.moore@company.com,INVALID,3171.40,2024-02-25
jack.moore@example.com,5556566882,2103.25,INVALID
jack.moore@outlook.com,5558751192,4269.71,INVALID
jack.moore@test.com,INVALID,0.00,2021-05-12
jack.moore@yahoo.com,INVALID,3950.84,INVALID
jack.smith@gmail.com,5558939193,3619.58,INVALID
jack.smith@test.com,INVALID,2505.00,2021-01-10
jack.taylor@gmail.com,5556665142,0.00,INVALID
jack.taylor@outlook.com,INVALID,3762.00,2025-07-20
jack.taylor@yahoo.com,5551241389,3478.73,2020-12-22
jack.williams@example.com,INVALID,0.00,2021-12-12
jack.williams@yahoo.com,5556864131,3217.81,INVALID
jack.williams@yahoo.com,5552825184,2869.89,INVALID
jack.wilson@company.com,5559042238,0.00,2024-06-02
jack.wilson@company.com,INVALID,2339.74,INVALID
jack.wilson@gmail.com,INVALID,273.05,2021-01-15
jane.brown@outlook.com,5558164717,1984.07,INVALID
jane.brown@outlook.com,INVALID,4955.19,INVALID
jane.brown@test.com,INVALID,4501.03,2021-07-23
jane.brown@test.com,5552052229,2671.16,2023-01-28
jane.davis@company.com,5559272873,0.00,2020-10-26
jane.davis@example.com,5551518792,806.05,INVALID
jane.davis@outlook.com,INVALID,3455.91,2023-08-07
jane.davis@test.com,5553373877,3208.10,2020-08-27
jane.johnson@gmail.com,5552073580,2697.50,INVALID
jane.johnson@gmail.com,INVALID,2802.71,INVALID
jane.johnson@gmail.com,5552609705,0.00,2023-03-20
jane.johnson@test.com,INVALID,2938.00,2024-10-28
jane.johnson@test.com,5556567747,4576.45,2023-12-24
jane.johnson@yahoo.com,5559138886,4156.74,INVALID
jane.miller@company.com,5553509604,4907.18,2024-11-02
jane.miller@company.com,5551058504,553.64,INVALID
jane.miller@gmail.com,5558051048,2225.85,INVALID
jane.miller@gmail.com,5553302949,4429.23,2020-08-28
jane.miller@yahoo.com,INVALID,4431.72,INVALID
jane.moore@example.com,INVALID,0.00,2020-08-27
jane.moore@gmail.com,5558572646,3240.80,2024-05-16
jane.moore@gmail.com,5552126541,0.00,INVALID
jane.moore@test.com,5557362424,0.00,2022-01-02
jane.moore@test.com,INVALID,0.00,2022-07-19
jane.smith@example.com,INVALID,0.00,INVALID
jane.smith@test.com,INVALID,2424.86,2024-11-13
jane.taylor@company.com,5553873312,2988.00,INVALID
jane.taylor@company.com,INVALID,0.00,INVALID
jane.taylor@outlook.com,5558124461,0.00,2022-06-04
jane.taylor@test.com,5557332161,709.40,2024-04-22
jane.taylor@yahoo.com,5551381880,733.20,2020-02-16
jane.williams@yahoo.com,5551464074,232.86,2023-03-22
jane.wilson@gmail.com,INVALID,3088.63,INVALID
jane.wilson@yahoo.com,5557901610,0.00,INVALID
john.brown@gmail.com,5554433807,4958.00,2021-01-06
john.brown@outlook.com,INVALID,0.00,2020-06-25
john.brown@outlook.com,INVALID,0.00,INVALID
john.brown@yahoo.com,5552646681,0.00,2021-05-02
john.johnson@company.com,5555285463,321.08,2020-06-25
john.johnson@example.com,INVALID,2929.55,INVALID
john.johnson@gmail.com,5557817904,3996.22,2024-08-14
john.johnson@outlook.com,INVALID,2047.79,2024-05-08
john.jones@company.com,5553083563,2890.81,2021-05-21
john.jones@company.com,5559521132,0.00,2022-01-22
john.jones@example.com,5558755896,135.60,INVALID
john.jones@test.com,5553865525,739.19,2020-10-07
john.jones@yahoo.com,5553343523,2736.41,INVALID
john.jones@yahoo.com,5556784619,1325.39,INVALID
john.miller@example.com,5551535727,4751.40,2024-04-02
john.miller@example.com,INVALID,288.00,2022-03-16
john.miller@gmail.com,5554955029,505.74,2024-04-05
john.miller@yahoo.com,INVALID,0.00,2020-01-23
john.moore@company.com,5557138841,2929.39,2021-09-14
john.moore@gmail.com,5556277843,0.00,INVALID
john.smith@company.com,INVALID,3564.26,2023-10-22
john.smith@gmail.com,5559905688,3690.41,INVALID
john.smith@gmail.com,5557534655,1557.02,INVALID
john.smith@outlook.com,5557917137,3945.01,2022-04-16
john.taylor@example.com,5552647207,3404.92,2025-08-11
john.taylor@yahoo.com,5558376817,125.03,INVALID
john.williams@company.com,5553232600,0.00,INVALID
john.williams@outlook.com,5556539465,2533.70,INVALID
john.williams@test.com,5554222090,0.00,INVALID
john.williams@yahoo.com,5554079000,0.00,INVALID
john.wilson@company.com,5559589211,4669.62,2021-06-25
kate.brown@company.com,INVALID,0.00,2024-11-19
kate.brown@example.com,INVALID,0.00,INVALID
kate.brown@example.com,5556179496,4772.00,INVALID
kate.brown@example.com,5552707152,0.00,2020-05-09
kate.davis@example.com,5556698497,0.00,INVALID
kate.davis@outlook.com,5557779881,0.00,INVALID
kate.davis@outlook.com,INVALID,866.54,2023-02-06
kate.johnson@company.com,INVALID,0.00,2021-01-02
kate.johnson@gmail.com,INVALID,1368.86,2023-06-14
kate.johnson@gmail.com,5559189158,4373.78,2022-02-24
kate.johnson@gmail.com,INVALID,0.00,INVALID
kate.johnson@yahoo.com,INVALID,971.57,2023-02-06
kate.miller@gmail.com,INVALID,4177.29,INVALID
kate.miller@outlook.com,5556036152,4266.18,INVALID
kate.miller@test.com,5555521347,0.00,INVALID
kate.moore@gmail.com,5552857127,1430.00,2021-12-20
kate.moore@gmail.com,5555634683,992.86,2020-08-11
kate.moore@gmail.com,INVALID,0.00,2024-06-02
kate.smith@company.com,INVALID,0.00,2022-12-10
kate.smith@example.com,5552852018,0.00,INVALID
kate.taylor@example.com,5554777428,2283.64,2021-06-24
kate.taylor@yahoo.com,INVALID,2591.15,INVALID
kate.williams@company.com,INVALID,0.00,2023-09-05
kate.williams@company.com,5559072296,0.00,INVALID
kate.williams@outlook.com,INVALID,3485.89,2023-05-13
kate.wilson@company.com,INVALID,0.00,2025-03-20
kate.wilson@example.com,5559009736,0.00,2021-05-18
kate.wilson@test.com,INVALID,4390.00,2023-09-18
leo.brown@example.com,5552666027,3314.20,INVALID
leo.brown@gmail.com,5558547929,1823.36,2024-05-08
leo.brown@test.com,INVALID,2243.00,2022-10-04
leo.davis@gmail.com,5558037875,918.27,2022-11-03
leo.johnson@company.com,INVALID,4436.75,INVALID
leo.johnson@example.com,5555481597,3838.29,2025-01-24
leo.johnson@example.com,INVALID,101.03,2022-04-07
leo.johnson@gmail.com,5555141922,2544.56,INVALID
leo.johnson@test.com,INVALID,141.18,2023-08-05
leo.johnson@test.com,INVALID,4900.26,INVALID
leo.johnson@yahoo.com,INVALID,0.00,2025-08-13
leo.jones@company.com,INVALID,3878.25,INVALID
leo.miller@gmail.com,INVALID,1111.00,2025-05-25
leo.miller@outlook.com,5553786234,2090.69,2024-11-16
leo.miller@yahoo.com,5556826729,4148.64,2020-08-21
leo.miller@yahoo.com,INVALID,0.00,INVALID
leo.moore@example.com,5551153795,3142.35,2025-02-09
leo.moore@example.com,5551282387,4874.00,INVALID
leo.smith@example.com,5556196421,3576.33,2025-10-05
leo.smith@gmail.com,INVALID,4819.52,INVALID
leo.smith@outlook.com,INVALID,839.26,INVALID
leo.smith@outlook.com,5551269420,230.95,INVALID
leo.smith@outlook.com,INVALID,4516.31,INVALID
leo.smith@yahoo.com,INVALID,0.00,INVALID
leo.taylor@example.com,INVALID,0.00,2020-12-25
leo.taylor@test.com,INVALID,4332.37,INVALID
leo.williams@company.com,5556264773,55.81,2021-06-20
leo.williams@outlook.com,5558949912,1883.51,2023-01-18
leo.williams@yahoo.com,INVALID,2601.34,2023-05-11
leo.wilson@outlook.com,INVALID,3119.99,2023-10-25
mary.brown@company.com,5557309954,4460.00,2022-02-28
mary.davis@company.com,INVALID,3799.70,2020-02-13
mary.davis@company.com,INVALID,2960.63,INVALID
mary.davis@example.com,5554031603,0.00,INVALID
mary.davis@gmail.com,INVALID,0.00,INVALID
mary.davis@outlook.com,5557928241,4182.04,INVALID
mary.davis@outlook.com,INVALID,0.00,2023-01-07
mary.johnson@company.com,5551385287,777.80,INVALID
mary.johnson@example.com,INVALID,435.98,INVALID
mary.johnson@example.com,5554688193,0.00,2020-07-26
mary.johnson@yahoo.com,5553863509,3645.38,INVALID
mary.johnson@yahoo.com,5552548181,3181.58,2021-12-09
mary.jones@gmail.com,5553436768,2998.00,2024-06-03
mary.moore@example.com,5556989199,460.01,INVALID
mary.moore@outlook.com,5556223864,4191.72,INVALID
mary.smith@outlook.com,INVALID,3179.50,2021-06-06
mary.smith@test.com,5559179058,0.00,2024-11-11
mary.taylor@outlook.com,INVALID,2369.07,2020-10-12
mary.taylor@test.com,INVALID,0.00,2020-11-02
mary.williams@example.com,INVALID,0.00,2022-03-17
mary.williams@example.com,INVALID,3621.00,INVALID
mary.williams@gmail.com,INVALID,3021.48,INVALID
mary.williams@gmail.com,INVALID,2209.37,INVALID
mary.williams@gmail.com,5555197973,2057.07,2025-02-07
mary.williams@test.com,INVALID,61.61,2024-09-03
mary.williams@yahoo.com,INVALID,0.00,INVALID
mary.williams@yahoo.com,INVALID,4689.88,2025-06-20
mary.wilson@example.com,5556407374,0.00,2022-06-02
mary.wilson@gmail.com,5551481734,0.00,2021-06-09
mary.wilson@test.com,5558428873,4114.23,INVALID
negative.euro@test.com,INVALID,0.00,INVALID
nick.brown@gmail.com,5554162037,0.00,INVALID
nick.brown@outlook.com,INVALID,4625.31,2022-07-24
nick.davis@test.com,5558714124,0.00,2020-12-05
nick.johnson@example.com,INVALID,1636.58,INVALID
nick.johnson@example.com,INVALID,0.00,INVALID
nick.johnson@gmail.com,INVALID,3313.11,2020-06-22
nick.jones@gmail.com,INVALID,0.00,INVALID
nick.jones@outlook.com,INVALID,3856.14,2022-01-17
nick.jones@test.com,INVALID,0.00,INVALID
nick.jones@yahoo.com,5551865031,1471.40,2022-05-01
nick.miller@company.com,INVALID,2270.20,2024-12-16
nick.miller@gmail.com,INVALID,0.00,2023-06-21
nick.miller@yahoo.com,INVALID,1665.93,INVALID
nick.smith@company.com,5559819417,126.22,2020-09-02
nick.smith@gmail.com,5558496273,3908.64,INVALID
nick.taylor@company.com,INVALID,0.00,INVALID
nick.taylor@gmail.com,5554212934,3177.80,2022-07-19
nick.taylor@outlook.com,INVALID,0.00,2025-10-19
nick.taylor@test.com,5559868074,3101.00,INVALID
nick.taylor@yahoo.com,5556407379,0.00,INVALID
nick.williams@gmail.com,5559711060,0.00,INVALID
nick.wilson@gmail.com,INVALID,0.00,2020-08-11
nick.wilson@gmail.com,INVALID,0.00,2020-12-04
old.date@sample.org,5551112222,10.00,INVALID
olivia.brown@company.com,INVALID,1984.43,INVALID
olivia.davis@example.com,5558704792,1947.23,INVALID
olivia.davis@outlook.com,INVALID,0.00,2022-05-12
olivia.davis@yahoo.com,INVALID,0.00,2021-05-19
olivia.davis@yahoo.com,INVALID,0.00,INVALID
olivia.johnson@outlook.com,INVALID,996.57,2022-06-16
olivia.johnson@yahoo.com,5554423201,1496.19,2020-11-01
olivia.jones@example.com,5559516392,1526.25,2024-07-09
olivia.jones@example.com,5551895867,0.00,INVALID
olivia.miller@outlook.com,INVALID,768.64,2021-04-08
olivia.miller@outlook.com,5551583245,4067.72,2021-04-07
olivia.miller@test.com,INVALID,248.19,2025-06-04
olivia.miller@test.com,INVALID,3098.95,INVALID
olivia.moore@gmail.com,INVALID,672.00,2023-03-06
olivia.smith@example.com,INVALID,753.40,2023-02-06
olivia.smith@example.com,INVALID,813.61,2020-02-23
olivia.williams@company.com,INVALID,2035.92,INVALID
olivia.williams@gmail.com,INVALID,0.00,2023-01-22
olivia.williams@test.com,5558246053,1595.18,INVALID
olivia.williams@test.com,INVALID,0.00,2020-04-10
olivia.williams@test.com,5558535163,0.00,2021-07-17
olivia.wilson@gmail.com,5551758673,1209.00,INVALID
olivia.wilson@yahoo.com,5557054287,807.16,INVALID
paul.brown@company.com,5558918722,0.00,INVALID
paul.brown@example.com,INVALID,4461.72,INVALID
paul.brown@example.com,5551702985,0.00,2023-01-11
paul.brown@outlook.com,INVALID,4968.77,INVALID
paul.brown@yahoo.com,5555097746,4837.03,2020-06-24
paul.brown@yahoo.com,5552427392,4767.11,2023-05-25
paul.davis@gmail.com,INVALID,2628.00,INVALID
paul.davis@gmail.com,5552057192,3456.03,2022-11-10
paul.davis@outlook.com,5554181052,555.64,2023-11-24
paul.davis@outlook.com,INVALID,556.55,2021-05-01
paul.davis@test.com,5552544075,0.00,2024-01-02
paul.johnson@company.com,5554784819,478.90,INVALID
paul.johnson@gmail.com,5558172955,0.00,2025-01-26
paul.johnson@test.com,5554428410,432.10,2022-09-24
paul.johnson@yahoo.com,5559796109,2077.71,2025-03-25
paul.jones@company.com,INVALID,0.00,2023-05-03
paul.jones@yahoo.com,5555474186,0.00,2023-03-05
paul.miller@example.com,5554839255,0.00,2024-03-09
paul.moore@test.com,INVALID,0.00,INVALID
paul.moore@test.com,5556304762,2223.00,2024-05-13
paul.moore@test.com,INVALID,1395.65,2020-02-18
paul.smith@example.com,5554195378,0.00,INVALID
paul.smith@gmail.com,5558682419,1781.26,2020-06-07
paul.smith@outlook.com,5552041607,2138.03,2023-01-13
paul.smith@test.com,5554088468,0.00,2021-06-05
paul.smith@yahoo.com,5556407822,922.45,2022-08-25
paul.taylor@example.com,INVALID,3835.80,INVALID
paul.taylor@gmail.com,INVALID,46.60,INVALID
paul.williams@example.com,5556732381,4574.20,INVALID
paul.williams@example.com,5559796359,0.00,INVALID
paul.williams@example.com,5556426385,541.18,2022-04-13
paul.williams@gmail.com,INVALID,1050.07,2020-12-22
paul.williams@gmail.com,INVALID,948.10,2023-09-17
paul.williams@gmail.com,5553582364,2183.00,INVALID
paul.williams@test.com,INVALID,2605.89,INVALID
paul.wilson@example.com,5558355442,0.00,INVALID
paul.wilson@gmail.com,5555453982,2106.95,2023-12-20
quinn.brown@yahoo.com,5556214180,3153.97,2025-06-15
quinn.davis@outlook.com,5552684454,482.75,2025-01-04
quinn.davis@test.com,5552007638,4050.78,2025-04-01
quinn.johnson@example.com,INVALID,0.00,INVALID
quinn.johnson@gmail.com,INVALID,318.49,2021-10-08
quinn.johnson@gmail.com,5553972253,0.00,2021-03-14
quinn.johnson@outlook.com,5558482854,0.00,INVALID
quinn.johnson@test.com,5557821980,516.37,2025-06-23
quinn.johnson@yahoo.com,5555133389,0.00,2023-11-27
quinn.jones@example.com,INVALID,405.93,INVALID
quinn.jones@gmail.com,INVALID,3366.41,2024-05-10
quinn.jones@outlook.com,5557798958,3244.83,INVALID
quinn.jones@test.com,INVALID,0.00,2021-07-20
quinn.jones@yahoo.com,5559374696,0.00,2022-08-19
quinn.miller@company.com,5559267010,0.00,INVALID
quinn.miller@company.com,INVALID,4216.98,INVALID
quinn.miller@example.com,5558021603,2290.00,2025-05-03
quinn.miller@gmail.com,5556202969,310.50,INVALID
quinn.miller@gmail.com,INVALID,3802.82,2021-07-24
quinn.miller@outlook.com,5558668199,342.85,2024-11-27
quinn.miller@yahoo.com,INVALID,4049.00,INVALID
quinn.moore@example.com,5556089450,361.14,INVALID
quinn.moore@example.com,5554945010,0.00,2021-11-16
quinn.moore@outlook.com,INVALID,4660.72,2025-06-11
quinn.smith@example.com,5558386595,0.00,INVALID
quinn.smith@gmail.com,5557236376,796.30,2022-03-08
quinn.smith@yahoo.com,5558307709,0.00,2021-11-05
quinn.taylor@gmail.com,5551488814,0.00,2022-08-01
quinn.taylor@test.com,INVALID,3845.70,2023-03-13
quinn.taylor@yahoo.com,INVALID,3883.15,2021-11-21
quinn.williams@example.com,5558775973,0.00,INVALID
quinn.williams@test.com,5551653931,1396.71,INVALID
quinn.williams@yahoo.com,INVALID,3467.86,INVALID
quinn.wilson@outlook.com,5553163464,4832.25,INVALID
quinn.wilson@test.com,5555371768,1811.36,2023-06-19
rachel.brown@gmail.com,5558237698,3905.72,2023-05-12
rachel.brown@test.com,INVALID,2966.52,2025-10-20
rachel.brown@yahoo.com,5553888864,283.81,2020-12-16
rachel.davis@example.com,5551147227,1321.24,2022-06-24
rachel.davis@outlook.com,INVALID,4262.25,INVALID
rachel.davis@test.com,INVALID,403.41,2021-10-07
rachel.johnson@example.com,5559683298,0.00,2023-04-21
rachel.johnson@gmail.com,5556192649,0.00,2025-04-08
rachel.johnson@outlook.com,INVALID,3337.58,INVALID
rachel.johnson@yahoo.com,5556737852,1988.63,INVALID
rachel.jones@company.com,INVALID,1982.95,INVALID
rachel.jones@test.com,5554469461,1353.00,2025-03-07
rachel.jones@yahoo.com,INVALID,530.79,2022-11-07
rachel.miller@company.com,INVALID,0.00,2020-05-24
rachel.miller@company.com,INVALID,4320.99,2023-10-21
rachel.miller@example.com,5552089579,0.00,2021-11-10
rachel.moore@example.com,INVALID,860.68,2024-02-08
rachel.moore@yahoo.com,5551823449,2014.00,INVALID
rachel.smith@company.com,5557353982,2463.43,2023-02-17
rachel.smith@example.com,INVALID,2070.31,2021-12-09
rachel.smith@yahoo.com,5557542904,3640.08,2020-01-14
rachel.smith@yahoo.com,INVALID,0.00,2021-05-22
rachel.taylor@outlook.com,INVALID,2088.89,2021-12-10
rachel.wilson@yahoo.com,INVALID,3226.31,INVALID
steve.brown@company.com,5558328858,0.00,INVALID
steve.brown@example.com,INVALID,0.00,INVALID
steve.davis@test.com,INVALID,1021.00,2020-05-04
steve.johnson@example.com,INVALID,0.00,INVALID
steve.johnson@test.com,5557338395,2289.00,INVALID
steve.jones@example.com,INVALID,3046.46,2024-04-15
steve.miller@company.com,INVALID,0.00,INVALID
steve.miller@company.com,5558742484,0.00,2020-12-03
steve.miller@gmail.com,5559634454,0.00,2024-05-18
steve.moore@example.com,5556455172,4744.50,2025-06-25
steve.moore@gmail.com,5553255275,3215.91,2024-11-20
steve.moore@test.com,5552017877,0.00,INVALID
steve.smith@test.com,5558293536,2856.50,2024-11-09
steve.smith@yahoo.com,INVALID,2050.00,2021-06-18
steve.taylor@gmail.com,5558636157,0.00,INVALID
steve.taylor@gmail.com,INVALID,4272.72,INVALID
steve.taylor@test.com,INVALID,976.05,INVALID
steve.williams@gmail.com,5555035791,4810.57,2023-01-15
steve.williams@outlook.com,5554191592,4433.58,2021-04-05
steve.williams@outlook.com,5559338897,0.00,2023-10-27
steve.williams@test.com,INVALID,4169.25,2020-04-14
steve.wilson@example.com,INVALID,0.00,2023-10-28
steve.wilson@outlook.com,INVALID,4940.56,2023-06-02
steve.wilson@test.com,INVALID,3238.16,2024-06-07
steve.wilson@yahoo.com,5554342032,0.00,2022-08-13
tina.brown@company.com,INVALID,1223.81,INVALID
tina.brown@example.com,INVALID,749.85,2021-02-07
tina.brown@yahoo.com,INVALID,3203.00,INVALID
tina.johnson@example.com,INVALID,3657.00,INVALID
tina.johnson@gmail.com,INVALID,4058.42,2020-12-19
tina.johnson@test.com,5552139235,4071.44,INVALID
tina.johnson@yahoo.com,INVALID,973.99,2020-06-18
tina.jones@example.com,INVALID,2756.73,INVALID
tina.jones@gmail.com,INVALID,4819.26,2022-04-19
tina.miller@company.com,5554461944,1301.37,2025-08-02
tina.moore@example.com,5555407662,0.00,INVALID
tina.moore@gmail.com,INVALID,1288.44,2021-03-03
tina.moore@outlook.com,5553831114,3986.50,2024-03-13
tina.smith@gmail.com,INVALID,0.00,2024-04-28
tina.smith@gmail.com,5556771827,1789.00,2025-02-12
tina.smith@outlook.com,INVALID,966.56,INVALID
tina.taylor@test.com,5559678743,462.03,INVALID
tina.williams@outlook.com,5551445807,0.00,INVALID
tina.williams@test.com,5557628286,292.28,2022-10-23
tina.wilson@company.com,5555998044,1830.00,INVALID
uma.brown@company.com,5559684386,1400.87,2021-06-24
uma.brown@gmail.com,5551051094,0.00,INVALID
uma.davis@gmail.com,5555839683,2970.20,2022-06-08
uma.davis@test.com,INVALID,0.00,INVALID
uma.johnson@yahoo.com,5552571480,2517.67,INVALID
uma.jones@outlook.com,INVALID,4479.69,2022-01-10
uma.jones@outlook.com,5555917187,0.00,INVALID
uma.miller@example.com,5558016189,2517.41,2023-01-06
uma.miller@gmail.com,INVALID,602.99,INVALID
uma.miller@gmail.com,5554472317,3394.04,INVALID
uma.miller@outlook.com,INVALID,2275.70,INVALID
uma.moore@yahoo.com,INVALID,0.00,INVALID
uma.smith@example.com,5555404988,0.00,2020-07-12
uma.smith@gmail.com,5556556568,0.00,2025-07-24
uma.smith@test.com,INVALID,4451.89,INVALID
uma.smith@test.com,5552386439,335.73,2020-11-14
uma.taylor@example.com,5553654982,0.00,INVALID
uma.williams@outlook.com,INVALID,2681.09,2023-01-28
uma.williams@yahoo.com,5554537311,0.00,INVALID
uma.wilson@gmail.com,5554797602,111.27,2022-10-17
uma.wilson@test.com,5559835949,2614.35,2020-01-20
uma.wilson@yahoo.com,5559781728,0.00,INVALID
victor.brown@outlook.com,INVALID,2459.56,2025-06-26
victor.brown@outlook.com,5558024017,0.00,2021-05-07
victor.brown@test.com,INVALID,0.00,INVALID
victor.brown@test.com,5555579528,708.42,2021-01-27
victor.davis@gmail.com,5554868657,4687.60,INVALID
victor.johnson@company.com,5553419554,4706.20,2023-04-03
victor.johnson@gmail.com,5552811330,910.50,INVALID
victor.johnson@yahoo.com,INVALID,339.66,INVALID
victor.jones@company.com,5553239903,3054.55,2022-09-18
victor.jones@company.com,5556304378,0.00,2022-03-19
victor.jones@example.com,INVALID,3330.49,2024-02-12
victor.jones@example.com,INVALID,0.00,2020-04-07
victor.jones@yahoo.com,5555634210,2538.53,2020-07-02
victor.moore@company.com,INVALID,0.00,2023-06-04
victor.moore@gmail.com,5559332092,0.00,INVALID
victor.moore@test.com,5558543049,4719.32,INVALID
victor.smith@outlook.com,INVALID,1465.00,2025-06-04
victor.smith@yahoo.com,5556207533,0.00,2020-10-20
victor.taylor@example.com,INVALID,99.57,2025-01-14
victor.taylor@example.com,5555449981,133.47,2023-02-08
victor.taylor@gmail.com,5558693418,2733.62,INVALID
victor.taylor@outlook.com,INVALID,4916.18,INVALID
victor.taylor@test.com,5557779390,3128.11,2024-12-03
victor.taylor@yahoo.com,INVALID,2985.39,INVALID
victor.williams@test.com,INVALID,4240.52,INVALID
victor.wilson@company.com,5559632555,0.00,2020-07-18
victor.wilson@example.com,INVALID,4575.63,2024-05-23
victor.wilson@yahoo.com,5559021755,3303.76,2025-09-03
victor.wilson@yahoo.com,5552938736,3161.00,2022-01-08
victor.wilson@yahoo.com,INVALID,0.00,INVALID
wendy.brown@company.com,5552058794,1929.00,INVALID
wendy.brown@example.com,INVALID,605.53,2021-10-08
wendy.brown@example.com,5553891336,2950.92,INVALID
wendy.brown@gmail.com,5554849374,514.50,INVALID
wendy.brown@outlook.com,INVALID,3640.70,2021-05-25
wendy.davis@company.com,INVALID,4346.34,INVALID
wendy.johnson@test.com,INVALID,0.00,2024-10-20
wendy.johnson@yahoo.com,INVALID,4173.56,INVALID
wendy.jones@company.com,INVALID,4261.00,INVALID
wendy.miller@yahoo.com,INVALID,4574.05,INVALID
wendy.moore@company.com,INVALID,0.00,2021-10-24
wendy.moore@example.com,INVALID,243.69,2020-05-15
wendy.moore@yahoo.com,5556615290,4678.32,INVALID
wendy.moore@yahoo.com,5555753785,1865.46,INVALID
wendy.smith@gmail.com,INVALID,2742.12,2025-03-16
wendy.smith@gmail.com,INVALID,2089.50,INVALID
wendy.smith@test.com,INVALID,0.00,INVALID
wendy.taylor@company.com,5555015709,0.00,2022-03-18
wendy.taylor@gmail.com,5558339731,4558.00,INVALID
wendy.taylor@gmail.com,5552805160,0.00,2022-04-20
wendy.taylor@gmail.com,5556955862,0.00,INVALID
wendy.taylor@test.com,5555014877,1593.53,INVALID
wendy.williams@example.com,5551488727,0.00,INVALID
wendy.williams@yahoo.com,5557229257,3855.01,INVALID
wendy.williams@yahoo.com,INVALID,0.00,2023-03-09
wendy.wilson@outlook.com,INVALID,0.00,2023-08-28
xavier.brown@company.com,5557158613,0.00,2022-01-21
xavier.brown@example.com,5552346446,1470.74,INVALID
xavier.brown@example.com,5555216822,926.00,2024-03-09
xavier.johnson@gmail.com,5555179909,3118.96,2021-09-18
xavier.johnson@yahoo.com,5552399283,3194.68,2020-07-15
xavier.jones@outlook.com,INVALID,0.00,2020-04-15
xavier.miller@test.com,INVALID,911.00,INVALID
xavier.moore@example.com,5554137246,1661.52,2024-12-25
xavier.moore@example.com,5554748249,0.00,INVALID
xavier.moore@gmail.com,5556194174,4909.21,INVALID
xavier.moore@outlook.com,5559871407,1458.59,2023-11-28
xavier.moore@test.com,5558793345,2669.31,INVALID
xavier.smith@company.com,INVALID,2144.57,2022-06-25
xavier.smith@gmail.com,INVALID,0.00,2021-12-19
xavier.smith@test.com,5558134375,4795.31,2024-12-17
xavier.smith@test.com,5557606115,0.00,INVALID
xavier.smith@yahoo.com,INVALID,0.00,2025-01-07
xavier.taylor@example.com,INVALID,1324.92,2021-11-21
xavier.taylor@test.com,5556276873,4713.93,2022-03-22
xavier.williams@company.com,5558547184,3196.08,INVALID
xavier.williams@example.com,INVALID,0.00,INVALID
xavier.williams@gmail.com,5557402477,3138.12,2020-12-08
xavier.williams@outlook.com,INVALID,2208.18,INVALID
xavier.wilson@company.com,5553591485,1194.78,INVALID
xavier.wilson@outlook.com,5557689230,4000.14,2024-03-20
xavier.wilson@outlook.com,INVALID,4125.62,2023-09-05
xavier.wilson@outlook.com,INVALID,0.00,2022-06-18
xavier.wilson@yahoo.com,5556459477,3246.00,2020-12-09
yara.brown@company.com,5554179275,2873.57,2025-02-23
yara.brown@outlook.com,5559449064,0.00,2021-02-01
yara.brown@test.com,5551042026,1496.74,INVALID
yara.brown@yahoo.com,5554205969,0.00,2025-01-15
yara.davis@company.com,INVALID,0.00,INVALID
yara.davis@example.com,INVALID,2843.91,INVALID
yara.davis@gmail.com,INVALID,2793.99,INVALID
yara.davis@outlook.com,5557713583,1402.79,2022-02-08
yara.johnson@company.com,INVALID,4772.20,2021-12-22
yara.johnson@company.com,INVALID,2102.42,2020-06-05
yara.johnson@example.com,5559168118,3198.22,2024-06-22
yara.johnson@gmail.com,5556824257,286.91,INVALID
yara.johnson@gmail.com,INVALID,1408.39,2024-02-27
yara.jones@company.com,INVALID,1773.73,2025-02-20
yara.jones@company.com,5551569381,501.06,INVALID
yara.jones@company.com,INVALID,4546.48,INVALID
yara.jones@example.com,5555208213,2925.23,2022-01-21
yara.jones@gmail.com,INVALID,2062.74,INVALID
yara.jones@outlook.com,INVALID,4767.44,INVALID
yara.miller@company.com,5558304790,1353.00,2025-05-02
yara.miller@gmail.com,INVALID,2102.02,2024-10-10
yara.miller@gmail.com,INVALID,888.89,2022-01-19
yara.miller@yahoo.com,INVALID,1185.86,2020-10-08
yara.moore@company.com,INVALID,636.13,2024-08-26
yara.moore@company.com,5552511526,3914.25,INVALID
yara.moore@example.com,5553358067,3249.00,INVALID
yara.smith@company.com,INVALID,4617.61,INVALID
yara.smith@yahoo.com,INVALID,1125.30,INVALID
yara.taylor@company.com,INVALID,1662.60,2020-05-15
yara.taylor@company.com,5553143190,3570.00,INVALID
yara.taylor@gmail.com,5558699210,4353.89,2025-01-19
yara.taylor@outlook.com,5552914462,300.00,INVALID
yara.wilson@company.com,INVALID,2889.96,2025-10-07
yara.wilson@company.com,5554018359,1160.34,2020-02-04
yara.wilson@example.com,5553633132,1606.87,INVALID
yara.wilson@gmail.com,INVALID,1738.56,INVALID
yara.wilson@gmail.com,INVALID,351.95,2020-08-12
yara.wilson@gmail.com,INVALID,3452.00,INVALID
yara.wilson@outlook.com,INVALID,453.85,2025-04-20
yara.wilson@yahoo.com,INVALID,0.00,2022-05-15
zack.brown@example.com,5557223181,0.00,2024-07-12
zack.brown@outlook.com,5555878131,0.00,2024-07-19
zack.brown@test.com,INVALID,3707.36,INVALID
zack.davis@yahoo.com,5554779737,4366.21,INVALID
zack.johnson@example.com,INVALID,162.13,2025-03-24
zack.jones@example.com,INVALID,283.22,2024-08-03
zack.jones@gmail.com,5553757316,0.00,INVALID
zack.miller@example.com,5552126169,1109.55,2022-06-11
zack.miller@example.com,5553865253,0.00,2022-06-06
zack.miller@outlook.com,5552848012,0.00,2024-10-15
zack.miller@yahoo.com,5555134399,2095.57,2020-07-08
zack.moore@example.com,5559385379,0.00,INVALID
zack.moore@outlook.com,INVALID,0.00,INVALID
zack.moore@outlook.com,INVALID,0.00,2024-03-21
zack.smith@company.com,5557145204,0.00,INVALID
zack.smith@example.com,5559514370,2423.92,2021-09-18
zack.smith@outlook.com,INVALID,3985.00,2024-08-27
zack.williams@gmail.com,5558939195,1334.25,2023-07-17
zack.williams@yahoo.com,5555354813,4358.00,INVALID
zack.wilson@company.com,5557573646,2953.63,INVALID
zack.wilson@example.com,5552187254,4961.16,2024-07-17
zack.wilson@example.com,5557427486,1075.65,INVALID
zack.wilson@gmail.com,5559458384,0.00,2025-02-25
zack.wilson@test.com,INVALID,0.00,2024-04-15
