patient name,phone number,date,time
John Smith,1234567890,2025-01-15,09:30
Sarah Johnson,9876543210,2025-01-20,14:15
Michael Brown,5551234567,2025-02-10,10:00
Emily Davis,4449876543,2025-02-15,11:30
Robert Wilson,3334567890,2025-03-05,15:45
Lisa Miller,2227654321,2025-03-12,08:30
David Anderson,1118889999,2025-03-18,13:00
Jennifer Lee,6663332222,2025-03-25,16:20
James Taylor,7774445555,2025-04-02,09:00
Patricia Moore,8881112222,2025-04-10,10:45
Linda Thomas,9992223333,2025-04-15,14:30
Barbara Jackson,0005556666,2025-03-20,11:15
Susan White,1231231234,2025-03-22,12:00
Jessica Harris,3213214321,2025-05-28,15:00
Sarah Martin,4564564567,2025-05-30,09:45
Daniel Thompson,7897897890,2025-06-05,10:15
Karen Garcia,1472583690,2025-06-12,13:30
Nancy Martinez,2583691470,2025-06-18,14:00
Betty Robinson,3691472580,2025-06-25,16:45
Margaret Clark,1597534862,2025-07-01,11:00
Sandra Rodriguez,7531594862,2025-07-10,12:30
Ashley Lewis,8524561230,2025-07-15,09:15
Kimberly Lee,9513572580,2025-07-20,14:45
Donna Walker,6541237890,2025-08-05,10:30
Carol Hall,3216549870,2025-08-12,15:15
Michelle Allen,9873216540,2025-08-18,11:45
Dorothy Young,1237894560,2025-08-25,13:15
Deborah Hernandez,4561237890,2025-09-02,09:30   
Sharon King,7894561230,2025-09-10,14:00
Cynthia Wright,1478523690,2025-09-15,10:00
Kathleen Lopez,2589631470,2025-09-20,16:30
Amy Hill,3692581470,2025-10-05,11:15
Shirley Scott,1594867530,2025-10-12,12:45
Angela Green,7534861590,2025-10-18,09:00
Helen Adams,8523697410,2025-10-25,15:30
Anna Baker,9512583690,2025-11-03,10:15
Brenda Gonzalez,6547891230,2025-11-10,13:45
Pamela Nelson,3219876540,2025-11-15,11:30
Sarah Johnson,9876543210,2025-11-20,14:15
Michael Brown,5551234567,2025-11-10,10:00
Emily Davis,4449876543,2025-11-15,11:30
Robert Wilson,3334567890,2025-11-05,15:45
Nicole Carter,9876541230,2025-11-20,14:15
walaa,1234567898,2025-11-09,12:12
