sku,warehouse,quantity,unit_cost,last_restocked
EF-793495-R,WH-EU-01,316,491.70,2025-10-24
GH-402124-ST,WH-AS-01,580,101.88,10/06/2025
DEF-709446-U,WH-US-02,714,$278.54,"October 24, 2025"
ABC-870634-V,WH-AS-02,186,$456.57,10/17/2025
YZ-279085-UV,WH-US-03,427,508.87,10/17/2025
OP-172339-Y,WH-EU-03,604,532.77,05-10-2025
ABC-223086-UV,WH-EU-03,528,347.76,10/22/2025
UV-223955-B,WH-AS-01,324,$447.85,2025-10-22
AB-075441-C,WH-AS-02,334,443.41,11-10-2025
GH-779480-Z,WH-AS-02,382,580.32,"September 29, 2025"
GH-779480-Z,WH-EU-01,676,543.50,2025-10-20
QR-950314-UV,WH-AS-02,621,127.19,"September 30, 2025"
DEF-300105-X,WH-EU-01,493,$171.35,04-10-2025
UV-251280-V,WH-US-03,92,371.22,03-10-2025
UV-981110-V,WH-AS-01,616,152.64,2025-10-26
OP-424389-S,WH-AS-03,290,50.01,10/22/2025
GH-377417-ST,WH-EU-01,341,$501.30,21-10-2025
GHI-163316-U,WH-EU-01,483,$533.58,10/07/2025
ABC-626380-S,WH-AS-03,592,$288.89,09-06-2025
ABC-490710-ST,WH-EU-02,285,$476.94,10/02/2025
IJ-443374-T,WH-AS-02,"1,328",389.95,2025-10-01
MN-382913-X,WH-US-03,494,286.93,2025-10-15
KL-733052-X,WH-AS-01,191,583.19,2025-10-17
EF-897865-U,WH-AS-02,122,475.07,11-10-2025
KL-060642-Z,WH-US-03,582,41.37,2025-10-10
GH-261735-U,WH-US-02,537,1039.21,10/19/2025
DEF-150811-V,WH-US-02,319,452.29,09-10-2025
OP-811620-V,WH-US-03,450,507.76,03-10-2025
AB-796667-RS,WH-AS-03,243,67.60,01-10-2025
MN-703258-C,WH EU 01,871,$466.90,10/24/2025
DEF-300105-X,WH-AS-03,174,172.56,2025-10-13
QR-784300-A,WH-AS-01,287,257.58,2025-09-30
ABC-343027-X,WH-EU-03,599,160.56,09/30/2025
ABC-842204-B,WH-US-02,150,269.68,"June 10, 2025"
UV-458592-A,WH-AS-02,488,$427.26,2025-10-15
IJ-286577-V,WH-AS-01,373,355.09,10/01/2025
CD-032244-S,WH-AS-01,566,$566.97,"October 20, 2025"
IJ-443374-T,WH-US-02,223,390.68,02-06-2025
EF-090814-C,WH-EU-02,230,219.78,2025-09-30
CD-324232-W,WH-EU-03,692,313.94,10/08/2025
EF-465656-RS,WH-US-03,528,243.49,06-10-2025
IJ-259607-C,WH EU 03,616,520.22,10/26/2025
OP-424389-S,WH-EU-03,435,$49.06,05-10-2025
MN-958492-A,WH-US-01,535,187.24,2025-10-11
QR-806934-B,WH-AS-01,558,260.28,"October 12, 2025"
KL-566579-RS,WH AS 01,324,136.53,05/30/2025
IJ-773246-S,WH-US-03,216,$381.08,10/03/2025
WX-611805-Z,WH-AS-01,1379,343.04,10/22/2025
MN-716198-U,WH-US-01,332,49.18,24-10-2025
YZ-705314-B,WH-AS-02,562,561.52,"October 23, 2025"
AB-617886-Z,WH-US-03,198,488.36,08-10-2025
CD-766179-Y,WH-AS-02,178,$435.03,"October 23, 2025"
KL-831555-B,WH-EU-03,510,220.39,"October 08, 2025"
CD-097781-B,WH-US-02,304,355.76,10/06/2025
AB-075441-C,WH-EU-03,1288,696.58,10/21/2025
ST-883554-B,WH-US-01,147,235.62,12-05-2025
GH-402124-ST,WH US 01,2772,110.10,02-10-2025
GH-054045-B,WH-EU-02,530,$480.11,2025-07-18
KL-609792-V,WH-AS-01,1989,$539.57,09/29/2025
UV-292369-T,WH-US-02,1094,352.03,2025-09-28
ABC-842204-B,WH-AS-02,470,$276.81,2025-10-02
QR-950314-UV,WH-EU-01,360,$116.88,2025-10-14
QR-806934-B,WH-AS-03,356,270.11,2025-10-14
DEF-875244-Z,WH-EU-01,490,562.07,2025-10-23
OP-608040-A,WH-US-03,165,542.91,2025-10-10
GHI-528276-UV,WH EU 02,280,437.65,23-10-2025
EF-639720-B,WH EU 01,558,423.71,2025-10-04
WX-171555-W,WH-EU-01,202,$133.27,"October 23, 2025"
CD-902393-W,WH-EU-02,20,531.39,2025-10-25
OP-907604-T,WH-AS-02,442,458.55,26-10-2025
MN-244962-Z,WH-US-03,549,241.10,11-10-2025
UV-292369-T,WH-US-01,664,341.13,"October 16, 2025"
MN-753470-W,WH-EU-02,12,524.11,05-10-2025
UV-223955-B,WH-AS-01,288,$458.65,"October 24, 2025"
ABC-842204-B,WH-US-02,199,273.96,"October 15, 2025"
YZ-279085-UV,WH-EU-02,292,510.56,"October 26, 2025"
ABC-690305-A,WH-US-03,414,25.43,13-06-2025
EF-010767-Y,WH-EU-02,9,$78.13,2025-10-04
DEF-555816-V,WH-AS-01,2901,$459.40,28-09-2025
DEF-127882-U,WH-EU-02,193,$222.83,2025-10-24
CD-650468-S,WH-AS-03,397,36.50,"October 13, 2025"
CD-650468-S,WH-US-01,"1,029",53.68,"October 08, 2025"
MN-753470-W,WH-EU-02,101,521.09,10/18/2025
QR-702474-Y,WH-US-02,972,$165.92,10/10/2025
GH-077819-Z,WH-US-03,286,$514.33,20-10-2025
CD-943590-W,WH-US-02,438,399.64,"October 21, 2025"
MN-753470-W,WH-EU-02,401,539.84,2025-10-03
UV-251280-V,WH-EU-02,264,$347.42,22-10-2025
ABC-870634-V,WH-AS-01,715,504.36,"September 29, 2025"
GH-404906-UV,WH-AS-03,2258,328.65,2025-10-02
GH-968096-X,WH-AS-02,316,222.38,"October 08, 2025"
GH1-505740-U,WH-US-02,136,188.23,2025-10-14
CD-766179-Y,WH-US-01,1858,$421.75,10/16/2025
CD-845151-W,WH-AS-03,390,321.78,2025-10-26
GH-715825-UV,WH-US-01,174,233.03,20-10-2025
ABC-372507-X,WH-EU-03,559,$403.66,10/10/2025
GH-913804-B,WH-US-01,411,100.25,10/21/2025
KL-778236-Y,WH-EU-01,656,335.44,09/27/2025
ABC-232148-Y,WH-US-01,400,477.88,10/24/2025
GH-371858-RS,WH-US-01,"3,257",393.25,18-10-2025
MN-531458-V,WH-AS-03,1055,$283.89,10/01/2025
IJ-443374-T,WH-US-01,3751,382.93,2025-10-23
UV-840482-ST,WH-EU-03,549,317.57,10/26/2025
GH-377417-ST,WH-US-02,12,536.28,2025-10-11
WX-606397-U,WH-EU-02,438,92.79,"October 17, 2025"
EF-090814-C,WH-EU-03,184,227.80,2025-09-30
ST-582343-T,WH-AS-03,168,$356.61,07/15/2025
WX-460381-UV,WH US 02,318,171.97,13-10-2025
QR-849749-ST,WH-AS-03,748,94.23,2025-10-16
ST-229275-R,WH-US-01,141,247.15,"October 14, 2025"
ST-883554-B,WH-US-03,308,221.65,14-06-2025
OP-210267-ST,WH-US-01,179,374.45,04-06-2025
ABC-166840-Y,WH AS 01,226,$142.92,"October 11, 2025"
UV-223955-B,WH-US-01,288,441.35,2025-10-04
CD-032244-S,WH-EU-03,3434,525.62,10/16/2025
UV-985861-R,WH AS 01,259,205.10,"October 17, 2025"
UV-292369-T,WH-EU-02,742,365.95,"October 14, 2025"
UV-654425-W,WH-US-03,339,285.93,23-10-2025
GH-098251-X,WH-AS-02,495,261.24,"October 16, 2025"
MN-161263-W,WH-AS-02,486,164.09,12-10-2025
OP-718870-W,WH-AS-03,192,85.02,10/10/2025
AB-189073-C,WH-EU-01,4,216.97,22-10-2025
AB-589508-U,WH-US-03,159,187.48,"September 28, 2025"
MN-716198-U,WH-US-02,429,48.76,10/26/2025
GH-985539-UV,WH-AS-02,19,189.00,10/25/2025
CD-901300-Y,WH-AS-02,268,305.30,09/28/2025
ST-229275-R,WH-EU-02,216,254.80,08-10-2025
GHI-847721-X,WH-EU-02,212,$407.40,10/05/2025
QR-530959-Y,WH-AS-03,3207,$561.84,09/30/2025
IJ-669061-V,WH-AS-01,405,$420.49,11-10-2025
GHI-993842-Z,WH-US-02,448,35.53,"October 06, 2025"
EF-579856-V,WH-EU-03,"2,701",$228.85,10/06/2025
MN-563336-Y,WH-EU-01,533,331.50,09/29/2025
CD-053578-A,WH-US-02,339,278.84,"October 05, 2025"
GH-913804-B,WH-EU-02,416,92.75,"October 12, 2025"
KL-561086-C,WH-US-03,323,$336.67,05-10-2025
EF-922981-U,WH-EU-01,508,215.71,18-10-2025
GH-755717-UV,WH-EU-01,"1,063",212.21,10/07/2025
IJ-286577-V,WH-US-01,3438,$332.20,10/10/2025
IJ-259607-C,WH-AS-03,369,514.99,2025-10-25
ST-978017-B,WH-US-02,10,$109.38,2025-04-15
OP-210267-ST,WH-AS-01,598,703.54,15-04-2025
GHI-415850-UV,WH-US-02,627,$265.17,10/12/2025
OP-210267-ST,WH-AS-02,1440,393.45,2025-10-11
MN-451770-RS,WH-AS-03,339,$240.68,10/16/2025
OP-811620-V,WH-US-02,683,875.49,30-09-2025
UV-488575-Y,WH-AS-02,186,336.39,"October 02, 2025"
QR-525902-RS,WH-AS-02,1031,538.05,2025-05-23
MN-531458-V,WH-EU-03,896,283.83,10/24/2025
QR-784300-A,WH-AS-03,644,431.39,2025-10-10
MN-721892-B,WH-AS-01,387,$218.75,"October 21, 2025"
GH-715825-UV,WH-EU-03,757,154.03,2025-10-04
YZ-279085-UV,WH-US-03,1970,519.17,25-10-2025
GH-968096-X,WH-EU-03,225,241.97,17-10-2025
WX-922406-ST,WH-AS-03,299,269.39,10/10/2025
EF-540131-U,WH-EU-02,413,274.91,2025-10-11
GH-098251-X,WH-US-03,418,273.89,04-10-2025
AB-701305-ST,WH-EU-03,971,457.98,11-10-2025
OP-172339-Y,WH-AS-03,997,522.64,09-10-2025
ABC-626380-S,WH-AS-01,346,489.02,"October 15, 2025"
EF-620176-X,WH-EU-02,140,61.29,09/27/2025
OP-424389-S,WH-AS-02,211,75.97,2025-10-21
DEF-300105-X,WH US 02,353,161.12,10/05/2025
MN-268095-R,WH-US-03,592,402.61,09/30/2025
EF-090814-C,WH-US-02,1720,236.53,10/09/2025
CD-004717-W,WH-US-02,1881,$145.64,10/01/2025
OP-608040-A,WH-US-02,513,560.07,2025-10-14
YZ-281746-S,WH-EU-03,648,326.80,10/08/2025
AB-701305-ST,WH-AS-02,437,471.99,01-10-2025
GHI-255801-RS,WH-AS-03,655,$220.50,10/06/2025
IJ-573092-R,WH-EU-03,505,479.18,10/11/2025
WX-171555-W,WH-US-03,361,256.78,04-10-2025
KL-566579-RS,WH-EU-02,432,$135.54,10/02/2025
WX-611805-Z,WH-US-01,840,344.60,2025-10-16
GH-399591-V,WH-EU-02,484,493.72,"October 19, 2025"
OP-718870-W,WH-US-02,349,93.39,"April 24, 2025"
UV-654425-W,WH-EU-01,395,287.88,27-09-2025
CD-650468-S,WH-EU-01,1569,35.62,"October 03, 2025"
QR-486100-U,WH-US-01,2,59.60,10/11/2025
IJ-278312-S,WH-US-02,278,$327.11,"September 30, 2025"
AB-098793-UV,WH-US-02,444,113.31,17-10-2025
QR-849749-ST,WH-EU-02,265,$96.73,26-10-2025
IJ-669061-V,WH-AS-03,455,370.66,10/13/2025
EF-922981-U,WH-AS-01,2287,$207.43,06-10-2025
EF-624939-S,WH-AS-03,362,$144.64,24-10-2025
WX-171555-W,WH-EU-01,151,$133.27,"October 23, 2025"
MN-268095-R,WH-EU-02,195,217.44,28-09-2025
GHI-163316-U,WH-EU-03,9,519.78,"October 25, 2025"
AB-796667-RS,WH-AS-03,219,37.34,"October 12, 2025"
AB-589508-U,WH-AS-03,562,208.96,02-10-2025
YZ-279085-UV,WH-EU-02,305,522.89,10/19/2025
ST-532756-V,WH-AS-03,2319,$283.48,10/03/2025
YZ-711219-C,WH-EU-02,344,$338.08,10/08/2025
DEF-875244-Z,WH-AS-03,278,$549.08,2025-10-05
GH-161265-8,WH-EU-02,251,$427.47,"October 07, 2025"
OP-608040-A,WH-AS-01,452,920.22,"October 22, 2025"
QR-806934-B,WH-AS-03,486,259.02,"October 03, 2025"
ABC-490710-ST,WH-US-01,299,170.99,"October 21, 2025"
MN-748581-V,WH-EU-03,480,275.33,10/17/2025
ST-883554-B,WH-AS-01,438,365.82,10/21/2025
ABC-343027-X,WH-AS-01,401,171.60,"October 09, 2025"
GH-077819-Z,WH-AS-02,214,536.51,05-10-2025
OP-210267-ST,WH-AS-01,752,396.05,16-10-2025
KL-925231-X,WH AS 02,519,265.09,2025-10-03
ABC-002773-Z,WH-EU-01,757,199.01,2025-10-12
CD-943590-W,WH-EU-03,625,720.24,11-10-2025
YZ-279085-UV,WH-EU-02,557,523.80,10/14/2025
KL-733052-X,WH-EU-03,661,587.24,10/15/2025
KL-566579-RS,WH-AS-02,203,135.46,"October 12, 2025"
GH-027225-C,WH-EU-03,158,165.51,"October 02, 2025"
ST-252083-R,WH-EU-02,372,45.68,22-10-2025
UV-223955-B,WH-EU-02,305,$178.88,28-09-2025
DEF-150811-V,WH-AS-03,809,458.00,11-07-2025
QR-525902-RS,WH-US-03,527,540.62,09/29/2025
KL-533342-UV,WH-EU-01,2266,55.10,10/25/2025
KL-566579-RS,WH-EU-02,426,138.40,"October 24, 2025"
CD-766179-Y,WH-US-03,1258,$414.53,10/06/2025
KL-060642-Z,WH-US-02,4299,38.69,23-10-2025
OP-280766-T,WH-EU-01,320,97.64,2025-10-11
QR-530959-Y,WH-US-01,399,549.63,10/17/2025
WX-460381-UV,WH-EU-02,343,187.78,15-05-2025
CD-766179-Y,WH-AS-01,2737,$432.02,2025-10-02
OP-068136-W,WH-EU-03,998,$505.17,2025-10-01
OP-234752-R,WH-US-03,296,552.63,30-09-2025
QR-702474-Y,WH-EU-03,849,96.20,10/15/2025
OP-424389-S,WH-EU-02,98,21.48,09-10-2025
IJ-971733-UV,WH-AS-03,737,254.21,10/14/2025
ST-480434-W,WH-EU-01,716,274.03,"October 22, 2025"
GHI-833291-UV,WH-AS-01,687,$274.87,"September 30, 2025"
DEF-709446-U,WH-US-02,756,$150.54,2025-10-12
DEF-555816-V,WH-EU-02,243,463.13,10/10/2025
QR-849749-ST,WH-AS-03,619,$92.42,10/02/2025
GHI-856662-S,WH-US-02,403,433.81,2025-10-13
DEF-875244-Z,WH-US-02,450,1021.50,"September 28, 2025"
CD-901300-Y,WH EU 03,281,$308.37,10/17/2025
CD-032244-S,WH-US-01,529,540.78,2025-10-08
QR-849749-ST,WH-US-01,200,182.83,"May 22, 2025"
CD-901300-Y,WH-US-02,652,307.45,06-10-2025
MN-382913-X,WH-US-03,398,275.16,2025-10-24
KL-533342-UV,WH-EU-01,476,$53.72,14-10-2025
5T-582343-T,WH-EU-01,294,335.72,2025-10-11
AB-075441-C,WH-AS-01,296,425.97,10/13/2025
ABC-372507-X,WH-EU-03,770,404.23,26-10-2025
GH-402124-ST,WH-EU-03,17,116.67,10/20/2025
GH-261735-U,WH-AS-01,507,531.28,"October 23, 2025"
GH-715825-UV,WH-EU-02,284,152.00,10/22/2025
MN-563336-Y,WH-AS-03,492,360.70,29-09-2025
CD-943590-W,WH-US-01,593,384.13,10/03/2025
OP-718870-W,WH-EU-01,791,$89.33,10/18/2025
EF-540131-U,WH-AS-02,400,283.03,2025-09-27
QR-486100-U,WH-US-01,2,59.60,10/11/2025
KL-778236-Y,WH-AS-01,734,$182.71,"September 28, 2025"
ST-480434-W,WH-AS-03,2111,$281.56,09-10-2025
OP-608040-A,WH-US-02,449,570.57,2025-09-28
UV-985861-R,WH-EU-01,716,191.73,10/15/2025
GH-985539-UV,WH-US-03,599,189.74,2025-10-07
MN-801581-W,WH-AS-01,129,459.31,10/04/2025
ST-532756-V,WH US 02,744,164.66,2025-10-21
YZ-401156-A,WH-EU-01,1273,157.99,2025-10-22
IJ-773246-S,WH-US-02,534,370.93,28-09-2025
GHI-255801-RS,WH-EU-02,118,235.03,19-10-2025
ST-532756-V,WH-EU-03,264,$162.82,"October 03, 2025"
WX-299830-T,WH-EU-03,449,343.60,13-10-2025
KL-691855-S,WH-AS-02,444,137.13,10/23/2025
ABC-589153-R,WH-AS-01,15,395.43,06-10-2025
AB-589508-U,WH-EU-01,1522,365.45,09/29/2025
UV-985861-R,WH-EU-03,582,195.90,2025-10-02
ST-582343-T,WH-AS-01,554,$355.76,2025-10-17
ABC-842204-B,WH-AS-01,475,$267.46,02-10-2025
CD-032244-S,WH-US-02,201,542.36,10/24/2025
OP-234752-R,WH-AS-01,316,550.14,"October 24, 2025"
KL-733052-X,WH-EU-01,304,$548.84,2025-10-01
KL-566579-RS,WH-US-01,613,124.92,28-09-2025
ST-252083-R,WH-EU-03,793,44.82,2025-09-30
GH-779480-Z,WH US 03,511,550.86,2025-10-04
QR-525902-RS,WH-AS-02,"1,004",538.05,2025-05-23
ABC-363479-C,WH-EU-02,283,149.89,2025-10-12
GHI-847721-X,WH-AS-02,501,397.26,02-10-2025
ABC-166840-Y,WH-AS-02,265,$138.52,"October 07, 2025"
IJ-573092-R,WH-US-02,541,464.85,2025-10-26
OP-172339-Y,WH EU 03,684,$537.88,2025-10-21
MN-268095-R,WH-AS-01,544,395.88,"October 23, 2025"
MN-716198-U,WH US 01,456,20.92,10/08/2025
IJ-535277-Y,WH-EU-01,780,$186.34,2025-10-08
DEF-709446-U,WH-US-03,2,151.24,10/17/2025
UV-985861-R,WH-US-03,498,188.07,09-10-2025
KL-561086-C,WH-AS-03,149,320.98,27-09-2025
WX-611805-Z,WH-US-02,1515,$334.78,06-10-2025
QR-530959-Y,WH-US-03,663,544.97,"October 08, 2025"
EF-893697-T,WH-EU-01,429,539.36,17-10-2025
ABC-223086-UV,WH-US-01,428,$324.93,"October 09, 2025"
QR-486100-U,WH-EU-01,786,61.05,"October 25, 2025"
KL-831555-B,WH-EU-01,1813,$413.86,04-10-2025
MN-161263-W,WH-EU-03,184,33.43,2025-10-18
IJ-669061-V,WH-EU-02,196,$773.07,28-09-2025
GHI-021422-S,WH-US-01,432,202.66,10/01/2025
CD-902393-W,WH-US-03,761,506.75,"October 23, 2025"
AB-714328-C,WH-US-02,757,279.70,02-10-2025
CD-053578-A,WH-EU-03,645,269.27,2025-10-25
GHI-255801-RS,WH-EU-02,180,220.56,2025-10-16
GHI-528276-UV,WH-US-02,514,$414.64,10/09/2025
UV-654425-W,WH-EU-03,382,293.24,10/02/2025
EF-579856-V,WH-US-01,205,$233.65,2025-10-07
DEF-150811-V,WH-AS-01,930,460.38,10/20/2025
UV-821391-UV,WH-AS-02,325,$497.17,28-09-2025
CD-785309-W,WH-EU-02,152,480.08,14-10-2025
MN-418821-W,WH-AS-01,492,456.44,"October 09, 2025"
GH-261735-U,WH-EU-02,205,541.90,20-10-2025
DEF-367643-V,WH-AS-01,449,347.87,2025-10-08
KL-398382-R,WH-EU-03,675,$202.19,10/01/2025
GH-098251-X,WH-EU-03,438,278.36,"October 16, 2025"
MN-703258-C,WH-EU-03,450,480.58,09-10-2025
GHI-993842-Z,WH-EU-01,217,$25.21,02-10-2025
CD-707073-B,WH-AS-02,16,$550.08,10/24/2025
YZ-713526-ST,WH-AS-01,748,338.83,10/01/2025
WX-611805-Z,WH-AS-01,221,130.70,2025-10-19
CD-785309-W,WH-EU-03,921,458.25,11-10-2025
QR-369203-B,WH-EU-02,546,$459.27,"October 09, 2025"
OP-811620-V,WH AS 02,444,530.27,10/21/2025
ST-883554-B,WH-US-02,2003,229.54,2025-09-29
EF-540131-U,WH-US-02,"1,427",$274.18,04/23/2025
KL-733052-X,WH-EU-03,2947,$1018.48,09/28/2025
EF-049050-B,WH-AS-01,461,383.04,"October 08, 2025"
KL-831555-B,WH AS 03,118,418.77,09/29/2025
QR-784300-A,WH-AS-01,448,248.05,2025-10-06
KL-278932-Z,WH US 03,"1,829",526.15,09/28/2025
MN-441869-B,WH-US-02,644,510.19,"October 03, 2025"
WX-460381-UV,WH-AS-02,225,186.60,"September 29, 2025"
CD-650468-S,WH-AS-02,144,35.86,2025-10-26
IJ-535277-Y,WH-US-03,16,96.35,30-09-2025
KL-533342-UV,WH-EU-01,628,53.90,10/16/2025
MN-958492-A,WH-EU-01,293,$192.78,07-10-2025
UV-654425-W,WH-EU-03,509,493.34,16-10-2025
OP-618024-U,WH-AS-02,213,$318.96,2025-10-07
EF-010767-Y,WH-AS-02,93,75.68,"October 14, 2025"
IJ-135628-B,WH-US-03,538,$913.90,01-10-2025
OP-618024-U,WH-AS-03,346,$300.46,2025-10-10
GHI-163316-U,WH-US-01,586,538.48,2025-10-14
AB-319635-V,WH-EU-03,161,144.89,09/29/2025
MN-958492-A,WH-EU-03,14,188.11,10/16/2025
WX-299830-T,WH-US-01,1142,340.05,2025-10-15
KL-398382-R,WH-EU-03,581,$193.04,10/12/2025
ST-252083-R,WH EU 01,8,24.58,2025-10-22
5T-426800-Z,WH-AS-01,19,$192.41,21-04-2025
WX-299830-T,WH-US-03,20,349.97,2025-10-02
CD-902393-W,WH-EU-02,20,531.39,2025-10-25
GH-715825-UV,WH-EU-01,522,144.28,10/19/2025
GH1-021422-S,WH-EU-01,430,197.79,"October 05, 2025"
ABC-651810-C,WH-US-02,641,$17.87,21-10-2025
GH-402124-ST,WH-EU-01,96,102.55,10/18/2025
GH-715825-UV,WH-US-02,734,135.26,10/12/2025
QR-950314-UV,WH-EU-02,14,129.09,10/02/2025
EF-995967-B,WH-AS-02,719,193.64,10/25/2025
CD-053578-A,WH-AS-03,578,465.11,"October 11, 2025"
GH-261735-U,WH-AS-03,326,514.58,"October 05, 2025"
IJ-286577-V,WH-AS-01,441,339.47,2025-10-16
KL-925231-X,WH-US-03,139,$263.56,2025-10-14
EF-639720-B,WH-AS-03,531,276.34,"October 16, 2025"
MN-721892-B,WH-AS-01,396,209.67,04-10-2025
GH-027225-C,WH-AS-03,143,$166.43,10/20/2025
OP-172339-Y,WH-EU-01,329,522.80,04-05-2025
QR-806934-B,WH-EU-02,330,259.37,"April 21, 2025"
KL-646414-A,WH-AS-03,850,315.48,18-05-2025
GHI-021422-S,WH AS 03,426,$334.53,"October 11, 2025"
GHI-833291-UV,WH-AS-02,917,266.58,21-10-2025
EF-465656-RS,WH-AS-03,582,$261.84,"October 25, 2025"
EF-639720-B,WH-US-03,2193,279.64,2025-10-25
UV-985861-R,WH-AS-02,183,202.36,10/15/2025
MN-268095-R,WH-AS-03,488,$666.68,24-10-2025
ABC-490710-ST,WH-AS-02,260,748.64,2025-10-12
QR-950314-UV,WH EU 02,332,$118.91,2025-10-14
EF-620176-X,WH-US-02,228,64.99,20-10-2025
UV-117970-V,WH-US-02,696,758.33,2025-10-24
GHI-528276-UV,WH-EU-01,614,463.80,"October 16, 2025"
EF-579856-V,WH-US-03,794,223.35,08-06-2025
QR-950314-UV,WH-AS-02,141,64.95,10/22/2025
QR-907339-S,WH-EU-03,272,285.20,02-10-2025
AB-701305-ST,WH-EU-02,3,$462.25,10/14/2025
GHI-255801-RS,WH-EU-02,369,238.45,2025-10-24
IJ-278312-S,WH-AS-03,377,$331.27,"October 08, 2025"
YZ-401156-A,WH-EU-03,443,$173.28,2025-10-04
CD-707073-B,WH-AS-03,764,521.58,2025-10-01
GH-402124-ST,WH-AS-02,298,111.93,"October 14, 2025"
GH-027225-C,WH-US-02,183,166.60,25-10-2025
EF-010767-Y,WH-US-02,230,72.81,10/09/2025
DEF-667563-ST,WH-AS-01,212,443.55,2025-10-09
YZ-380580-U,WH-AS-01,605,253.74,19-10-2025
OP-608040-A,WH-US-03,141,$570.81,19-10-2025
ABC-002773-Z,WH-AS-02,358,378.50,2025-10-11
GH1-255801-R5,WH-EU-03,743,226.78,"October 17, 2025"
UV-981110-V,WH-US-01,653,71.12,"October 11, 2025"
GHI-163316-U,WH-US-02,633,528.03,2025-10-14
GH-399591-V,WH US 03,571,$501.88,27-09-2025
ABC-942435-A,WH AS 03,437,541.94,2025-10-11
ABC-166840-Y,WH AS 01,226,$142.92,"October 11, 2025"
ST-883554-B,WH-US-01,101,220.52,10/09/2025
DEF-150811-V,WH-AS-03,6,$450.68,10/21/2025
CD-241174-ST,WH-EU-01,871,266.39,2025-10-07
MN-563336-Y,WH-US-03,928,342.78,10-10-2025
MN-531458-V,WH-US-03,267,267.97,26-10-2025
CD-032244-S,WH-EU-01,485,$555.07,"October 22, 2025"
GHI-528276-UV,WH-EU-02,307,$422.53,2025-09-27
MN-099907-S,WH-AS-02,272,$440.06,16-10-2025
ABC-942435-A,WH-US-01,440,840.91,"May 29, 2025"
GHI-847721-X,WH-EU-03,1452,389.82,10/09/2025
GH-968096-X,WH-US-03,308,$220.95,19-10-2025
IJ-451664-T,WH-AS-03,477,$33.99,09/27/2025
CD-845151-W,WH-EU-01,270,323.72,10/21/2025
UV-821391-UV,WH-AS-01,668,541.75,"September 29, 2025"
YZ-138235-B,WH-US-02,973,154.03,"October 15, 2025"
ST-252083-R,WH-AS-03,783,47.78,"October 02, 2025"
MN-244962-Z,WH-AS-01,412,145.17,"October 22, 2025"
EF-995967-B,WH-AS-02,719,211.11,10/25/2025
AB-758168-UV,WH-EU-01,225,$197.43,"October 19, 2025"
OP-234752-R,WH-US-02,496,550.99,"October 23, 2025"
EF-010767-Y,WH-AS-01,366,$73.27,"September 29, 2025"
ABC-343027-X,WH-US-01,1003,$166.55,06/27/2025
GH-064556-X,WH-EU-03,133,$595.78,10/07/2025
YZ-380580-U,WH-AS-01,663,262.64,2025-10-07
GHI-833291-UV,WH AS 03,442,287.66,10-10-2025
OP-175389-X,WH-AS-01,105,152.32,2025-07-12
QR-736911-UV,WH-AS-02,744,412.48,27-09-2025
QR-530959-Y,WH-EU-02,6,517.57,"September 30, 2025"
AB-098793-UV,WH-EU-03,432,$116.34,2025-04-10
GH-399591-V,WH-AS-02,282,521.73,18-07-2025
ABC-651810-C,WH-EU-03,272,19.55,2025-10-03
EF-995967-B,WH-AS-03,632,349.33,09/28/2025
MN-716198-U,WH-EU-01,601,49.72,"October 26, 2025"
EF-624939-S,WH-EU-01,453,137.49,17-04-2025
OP-068136-W,WH-US-01,677,$539.37,16-10-2025
EF-620176-X,WH-AS-01,117,$62.00,"October 13, 2025"
GH-755717-UV,WH-US-03,345,203.72,2025-09-29
CD-766179-Y,WH-EU-02,211,400.55,"October 15, 2025"
EF-465656-RS,WH-EU-01,20,$244.81,10/16/2025
IJ-278312-S,WH-EU-01,302,332.27,20-10-2025
IJ-573092-R,WH-US-02,479,466.73,2025-10-25
ABC-372507-X,WH-US-01,597,431.18,10/23/2025
AB-714328-C,WH-EU-01,425,$294.53,10/12/2025
KL-561086-C,WH-US-03,320,179.26,"October 09, 2025"
QR-736911-UV,WH-US-01,284,$417.77,10/15/2025
AB-701305-ST,WH-US-03,193,452.37,"October 07, 2025"
WX-460381-UV,WH-AS-01,93,176.50,10/20/2025
MN-801581-W,WH-EU-02,296,$447.98,"October 05, 2025"
KL-646414-A,WH-US-01,153,$287.60,10/11/2025
GHI-505740-U,WH-AS-03,397,189.10,10/26/2025
OP-718870-W,WH-US-03,570,152.61,"October 03, 2025"
MN-721892-B,WH EU 01,574,$222.51,17-10-2025
KL-733052-X,WH-AS-01,215,531.87,2025-10-17
YZ-284060-UV,WH-AS-01,221,$76.91,2025-10-08
CD-241174-ST,WH-US-01,3,$268.75,10/06/2025
ABC-363479-C,WH-US-01,338,260.88,10-10-2025
AB-714328-C,WH-US-03,241,278.14,10/13/2025
WX-634052-V,WH-AS-02,315,319.56,10/15/2025
AB-714328-C,WH-EU-02,335,288.70,09-10-2025
EF-639720-B,WH-EU-02,536,$270.64,09/28/2025
GHI-021422-S,WH-EU-01,501,200.48,10/26/2025
QR-530959-Y,WH-AS-01,1598,556.47,"October 18, 2025"
QR-907339-S,WH EU 03,222,456.14,09-10-2025
CD-097781-B,WH-US-01,319,341.59,10/09/2025
ABC-343027-X,WH-EU-01,637,165.38,24-10-2025
OP-172339-Y,WH-US-02,648,267.79,2025-10-04
EF-010767-Y,WH-EU-01,567,73.67,"October 02, 2025"
AB-589508-U,WH-US-02,502,$180.28,2025-10-20
WX-634052-V,WH-AS-02,957,$344.51,"October 13, 2025"
IJ-259607-C,WH-AS-02,259,500.23,2025-10-10
GH-985539-UV,WH-EU-03,339,188.84,18-10-2025
DEF-709446-U,WH-US-01,371,263.10,2025-10-19
EF-639720-B,WH-AS-03,645,270.92,2025-10-19
MN-716198-U,WH-AS-03,363,47.58,2025-10-25
GH-715825-UV,WH-US-03,609,151.26,10/16/2025
MN-566427-T,WH-US-01,124,273.29,2025-10-01
KL-609792-V,WH-EU-01,288,545.52,10/15/2025
EF-922981-U,WH-EU-02,416,214.71,09/30/2025
KL-733052-X,WH-EU-03,2621,$1018.48,09/28/2025
GHI-255801-RS,WH-US-02,770,219.65,"October 16, 2025"
AB-617886-Z,WH-US-03,1749,468.34,07-10-2025
CD-032244-S,WH-AS-03,1522,$855.46,10-10-2025
GH-985539-UV,WH-US-01,499,194.43,2025-10-14
GH-402124-ST,WH-US-02,283,$114.18,"October 21, 2025"
ST-426800-Z,WH-US-03,242,118.71,10/17/2025
IJ-259607-C,WH-EU-03,423,507.42,2025-09-29
OP-811620-V,WH-AS-02,294,$535.93,10/03/2025
ABC-363479-C,WH-AS-03,177,268.11,"April 23, 2025"
MN-748581-V,WH-EU-01,555,280.14,10/19/2025
GH-399591-V,WH-US-02,517,495.08,10/20/2025
OP-280766-T,WH-EU-03,2777,150.32,10/07/2025
CD-902393-W,WH AS 01,548,489.34,2025-10-26
QR-736911-UV,WH-EU-03,502,744.41,"October 04, 2025"
IJ-451664-T,WH-US-02,507,$32.73,"October 25, 2025"
YZ-284060-UV,WH-AS-03,237,81.28,10/02/2025
UV-654425-W,WH-US-03,339,283.50,10/25/2025
YZ-705314-B,WH-US-03,714,536.44,13-10-2025
UV-292369-T,WH-AS-03,650,541.44,2025-10-25
EF-465656-RS,WH AS 01,5,264.17,2025-10-21
GHI-255801-RS,WH EU 03,835,229.82,2025-10-10
KL-733052-X,WH-US-02,17,557.44,2025-10-05
GH-985539-UV,WH-US-03,594,182.70,10/25/2025
ABC-589153-R,WH-US-02,759,403.64,2025-10-07
KL-925231-X,WH-AS-01,454,$258.44,10-10-2025
GH-064556-X,WH-AS-01,358,987.36,"October 01, 2025"
IJ-535277-Y,WH-EU-01,582,$101.87,10/04/2025
DEF-150811-V,WH-AS-01,1102,453.41,2025-10-19
CD-707073-B,WH-EU-01,415,550.70,23-10-2025
ABC-870634-V,WH-AS-01,622,489.67,24-10-2025
MN-563336-Y,WH-EU-03,"2,669",600.68,30-09-2025
ABC-626380-S,WH-AS-03,602,478.63,2025-10-01
GHI-856662-S,WH-US-01,704,816.58,27-09-2025
GH-377417-ST,WH-US-02,429,527.36,07/11/2025
GH-402124-ST,WH-EU-02,130,114.77,2025-10-12
MN-801581-W,WH-EU-03,206,424.90,03-10-2025
QR-907339-S,WH-US-03,451,285.89,21-10-2025
GH-968096-X,WH-EU-02,91,221.77,2025-10-16
AB-714328-C,WH-EU-03,566,298.60,2025-10-24
EF-639720-B,WH-EU-01,448,286.29,20-10-2025
MN-753470-W,WH-EU-02,"1,265",504.39,25-10-2025
IJ-135628-B,WH-EU-02,106,525.10,11-10-2025
KL-831555-B,WH-US-02,391,435.61,"October 11, 2025"
GHI-528276-UV,WH-EU-01,614,$432.79,"October 16, 2025"
ST-582343-T,WH-US-01,759,335.24,14-10-2025
GHI-505740-U,WH-AS-03,324,$346.91,10/21/2025
CD-902393-W,WH US 03,615,515.17,10/14/2025
AB-701305-ST,WH-US-03,162,452.37,"October 07, 2025"
QR-486100-U,WH-AS-03,655,65.02,"April 28, 2025"
MN-753470-W,WH-US-01,202,509.04,07-10-2025
MN-748581-V,WH-US-03,550,265.87,"October 09, 2025"
QR-806934-B,WH-US-02,339,278.90,10/01/2025
KL-646414-A,WH-US-01,143,$296.48,2025-10-05
EF-624939-S,WH-EU-02,309,138.29,29-09-2025
EF-922981-U,WH-AS-02,470,209.24,"October 26, 2025"
KL-925231-X,WH-EU-01,764,$252.53,"October 08, 2025"
ABC-942435-A,WH-EU-02,342,520.46,15-10-2025
KL-831555-B,WH-EU-01,548,450.87,2025-09-28
GHI-255801-RS,WH-AS-01,160,240.59,2025-10-16
YZ-380580-U,WH-AS-01,678,249.39,10/14/2025
GH-402124-ST,WH-AS-02,339,$113.78,"October 19, 2025"
OP-907604-T,WH-US-02,504,286.75,2025-05-14
ST-883554-B,WH EU 02,99,$234.79,2025-10-03
UV-117970-V,WH-AS-01,383,393.57,"October 22, 2025"
QR-736911-UV,WH-EU-02,"1,831",421.73,10/10/2025
ST-532756-V,WH-US-03,1399,$158.38,"September 28, 2025"
GHI-833291-UV,WH-AS-01,690,$280.78,"October 21, 2025"
WX-299830-T,WH-EU-03,567,347.86,"September 30, 2025"
OP-718870-W,WH-EU-02,402,89.68,06/10/2025
GH-402124-ST,WH EU 01,119,105.68,"October 26, 2025"
AB-701305-ST,WH-EU-01,652,451.40,07-10-2025
MN-531458-V,WH-EU-01,330,282.89,2025-10-10
UV-840482-ST,WH-EU-02,711,322.10,10/20/2025
MN-716198-U,WH-US-03,333,$94.12,10/13/2025
MN-382913-X,WH-AS-03,1618,276.85,21-10-2025
CD-241062-S,WH-EU-02,411,440.62,2025-10-10
ST-582343-T,WH-AS-02,282,$345.33,10/21/2025
DEF-555816-V,WH-AS-02,554,441.89,2025-10-08
KL-398382-R,WH-US-03,1016,193.62,2025-10-21
WX-606397-U,WH-AS-02,1304,94.04,01-10-2025
KL-566579-RS,WH-AS-03,173,135.28,01-10-2025
MN-244962-Z,WH-EU-03,615,140.24,29-09-2025
KL-831555-B,WH US 03,1135,436.30,20-10-2025
CD-902393-W,WH-US-03,583,530.99,10/15/2025
GH-098251-X,WH-AS-03,1162,277.58,10-10-2025
GH-920641-V,WH-EU-01,845,147.17,09/27/2025
UV-488575-Y,WH-US-01,377,334.33,"October 24, 2025"
QR-806934-B,WH-US-02,350,$264.85,2025-09-30
YZ-279085-UV,WH-AS-02,168,$175.12,2025-10-21
UV-458592-A,WH-AS-02,322,$417.57,27-09-2025
EF-995967-B,WH-US-01,517,$191.75,2025-05-07
QR-806934-B,WH-AS-03,119,$266.23,"October 24, 2025"
UV-985861-R,WH-AS-01,257,188.94,"October 26, 2025"
UV-458592-A,WH-EU-03,820,413.10,2025-10-08
CD-114668-A,WH-AS-02,92,169.51,"October 02, 2025"
AB-589508-U,WH-EU-02,16,183.84,2025-10-09
CD-324232-W,WH-US-01,919,$298.52,"September 28, 2025"
IJ-259607-C,WH-US-01,449,535.58,08-10-2025
UV-840482-ST,WH-AS-01,734,$310.44,19-10-2025
YZ-281746-S,WH-EU-02,372,311.40,10/03/2025
WX-171555-W,WH-AS-02,294,203.12,10/05/2025
WX-611805-Z,WH-US-01,666,$579.59,19-10-2025
QR-702474-Y,WH-US-02,"1,008",$160.76,04-10-2025
CD-053578-A,WH-US-03,429,275.94,2025-10-26
GHI-833291-UV,WH-EU-01,400,$276.80,2025-10-08
YZ-281746-S,WH-AS-02,100,334.78,10/08/2025
GHI-021422-5,WH-US-01,504,$189.97,2025-10-04
KL-733052-X,WH-EU-02,1721,565.77,10-10-2025
GH-402124-ST,WH-US-02,373,$109.34,23-10-2025
MN-801581-W,WH-AS-02,381,$452.94,"September 27, 2025"
EF-620176-X,WH-US-02,240,63.54,12-10-2025
YZ-380580-U,WH-US-02,154,256.46,10/05/2025
DEF-875244-Z,WH-AS-03,251,$578.12,"October 10, 2025"
EF-579856-V,WH-AS-03,289,250.48,"October 03, 2025"
GHI-528276-UV,WH-AS-03,592,767.45,11-10-2025
GH-161265-B,WH-EU-01,4065,483.56,10/10/2025
WX-611805-Z,WH-EU-02,158,$345.05,25-10-2025
KL-533342-UV,WH-US-02,393,32.43,2025-10-17
QR-530959-Y,WH-AS-03,742,$562.15,06-10-2025
DEF-300105-X,WH-EU-02,483,$168.50,2025-10-26
QR-486100-U,WH-US-03,235,59.87,10/08/2025
EF-090814-C,WH-AS-03,417,229.87,2025-10-02
GH-968096-X,WH-AS-01,2537,235.97,2025-10-02
QR-784300-A,WH-EU-01,542,265.93,10/16/2025
QR-702474-Y,WH-US-01,183,$164.13,10/04/2025
CD-004717-W,WH-AS-01,2580,153.92,2025-10-07
AB-189073-C,WH-US-01,579,207.44,10/13/2025
QR-525902-RS,WH-EU-03,541,516.57,2025-10-08
GHI-528276-UV,WH-EU-02,300,$425.49,10/07/2025
GH-161265-B,WH-US-01,420,250.86,10/24/2025
KL-533342-UV,WH-AS-03,448,$54.78,"October 07, 2025"
MN-801581-W,WH-US-01,715,433.68,"October 14, 2025"
ST-582343-T,WH-AS-03,461,186.62,"September 29, 2025"
GHI-255801-RS,WH-AS-03,602,232.25,10/19/2025
GHI-505740-U,WH-AS-01,179,$332.79,"October 15, 2025"
CD-114668-A,WH-AS-01,529,169.26,11-10-2025
0P-618024-U,WH-US-02,336,$319.17,05/12/2025
ST-642390-RS,WH-AS-01,397,$434.69,28-09-2025
EF-465656-RS,WH-EU-01,24,$244.81,10/16/2025
MN-563336-Y,WH-US-03,967,509.96,2025-06-21
EF-893697-T,WH-US-03,511,$561.81,2025-10-10
UV-251280-V,WH-EU-03,452,168.60,2025-10-18
OP-718870-W,WH-US-02,324,89.62,"April 24, 2025"
OP-210267-ST,WH-EU-03,216,$394.84,2025-10-12
MN-451770-RS,WH-AS-02,440,233.46,"October 05, 2025"
ABC-232148-Y,WH-EU-01,657,809.60,10/25/2025
EF-465656-RS,WH-EU-01,821,267.60,"October 10, 2025"
MN-268095-R,WH-US-01,880,397.37,27-09-2025
KL-533342-UV,WH-EU-03,4,54.80,10-10-2025
GHI-847721-X,WH-US-03,453,391.53,"October 11, 2025"
GH-404906-UV,WH-AS-03,609,338.82,10/12/2025
WX-922406-ST,WH-AS-03,337,266.41,10/16/2025
UV-251280-V,WH-US-02,486,$558.62,21-10-2025
QR-950314-UV,WH-EU-01,445,128.82,29-06-2025
IJ-535277-Y,WH-AS-03,904,$99.50,06/20/2025
CD-766179-Y,WH-AS-03,1,$423.42,23-10-2025
YZ-705314-B,WH-EU-01,782,566.03,2025-10-24
YZ-138235-B,WH-EU-02,269,$152.96,"October 01, 2025"
ST-532756-V,WH-US-01,641,151.19,24-10-2025
UV-292369-T,WH-AS-01,239,695.00,17-10-2025
GH-404906-UV,WH-EU-01,1879,$342.98,"October 11, 2025"
UV-840482-ST,WH-AS-03,344,318.25,07-10-2025
GH-913804-B,WH-AS-03,820,96.20,24-10-2025
WX-611805-Z,WH-AS-01,222,$593.85,2025-07-08
MN-451770-RS,WH-EU-03,234,238.45,10/26/2025
IJ-669061-V,WH-EU-03,440,$390.91,04-10-2025
GH-054045-B,WH-US-01,579,499.26,"October 22, 2025"
ST-480434-W,WH-EU-02,317,$272.24,13-10-2025
CD-943590-W,WH-AS-02,841,$399.02,"October 22, 2025"
UV-985861-R,WH-EU-02,322,186.19,"October 26, 2025"
ST-532756-V,WH US 01,928,153.18,2025-10-18
AB-701305-ST,WH-EU-02,902,820.96,"October 18, 2025"
EF-793495-R,WH-AS-03,378,162.35,2025-10-18
CD-845151-W,WH AS 01,994,99.38,"October 06, 2025"
OP-234752-R,WH-AS-01,316,550.14,"October 24, 2025"
GHI-528276-UV,WH-AS-03,737,714.32,11-10-2025
GH-399591-V,WH-US-02,1322,$535.02,10/13/2025
CD-901300-Y,WH-AS-02,223,310.92,09/28/2025
MN-441869-B,WH-EU-03,638,482.92,10/08/2025
YZ-138235-B,WH-EU-02,471,148.83,2025-10-22
KL-398382-R,WH-AS-03,590,207.43,24-10-2025
DEF-875244-Z,WH-US-03,302,528.81,"June 04, 2025"
GHI-505740-U,WH-EU-01,3614,202.45,"October 10, 2025"
MN-566427-T,WH-US-03,3259,$289.71,09-10-2025
GHI-021422-S,WH-EU-02,349,203.85,"October 22, 2025"
GH-098251-X,WH-AS-02,320,280.48,2025-10-21
QR-849749-ST,WH-AS-03,554,91.96,10/23/2025
CD-650468-S,WH-AS-03,"2,356",56.89,"October 12, 2025"
UV-458592-A,WH-US-03,319,445.86,"October 24, 2025"
OP-811620-V,WH-US-03,471,491.90,04-10-2025
YZ-401156-A,WH-US-01,126,172.24,2025-10-04
EF-639720-B,WH-EU-03,313,274.81,"September 28, 2025"
KL-278932-Z,WH-US-01,256,506.00,"October 08, 2025"
GH-913804-B,WH-US-02,359,$89.38,06/05/2025
UV-117970-V,WH-AS-01,101,430.54,2025-10-16
IJ-535277-Y,WH-AS-03,839,102.80,05/28/2025
KL-778236-Y,WH-US-01,1618,$186.49,2025-10-10
MN-382913-X,WH-EU-01,577,281.10,10/12/2025
1J-259607-C,WH-EU-03,227,512.06,"October 25, 2025"
IJ-669061-V,WH-US-03,285,765.77,09/28/2025
ABC-490710-ST,WH-EU-01,98,274.54,10/14/2025
ABC-651810-C,WH-US-01,284,18.75,08-10-2025
WX-611805-Z,WH-AS-01,1270,343.04,10/22/2025
KL-831555-B,WH-US-02,401,422.20,"October 19, 2025"
GH-161265-B,WH-EU-01,"1,084",258.49,09/27/2025
GH-064556-X,WH-US-02,326,577.13,"October 12, 2025"
GH-404906-UV,WH-US-02,523,330.13,2025-10-14
ABC-589153-R,WH-AS-02,173,614.67,2025-10-02
EF-793495-R,WH-AS-03,407,$520.01,10/18/2025
OP-210267-ST,WH-EU-01,506,$751.14,"October 04, 2025"
OP-718870-W,WH-US-01,578,88.72,2025-10-11
ABC-363479-C,WH-US-02,5,$271.22,20-10-2025
GH-377417-ST,WH-EU-03,457,490.20,2025-10-24
CD-324232-W,WH-US-02,1026,$316.87,2025-10-10
ABC-232148-Y,WH-EU-02,186,469.14,2025-10-13
GH-064556-X,WH-AS-01,457,585.40,10/04/2025
IJ-669061-V,WH-AS-03,591,397.24,10/13/2025
OP-068136-W,WH-EU-01,67,498.04,2025-10-13
YZ-705314-B,WH-US-03,737,$548.29,"October 22, 2025"
DEF-875244-Z,WH-US-01,495,576.36,2025-10-03
OP-811620-V,WH-AS-01,561,536.05,21-10-2025
GH-064556-X,WH-AS-03,554,1040.69,09/30/2025
MN-531458-V,WH-AS-01,757,277.35,12-10-2025
EF-995967-B,WH-EU-02,552,192.13,18-10-2025
IJ-451664-T,WH-AS-03,369,$33.99,09/27/2025
IJ-971733-UV,WH EU 02,373,$250.08,12-10-2025
MN-161263-W,WH-US-01,381,$93.66,30-09-2025
OP-921659-A,WH-AS-03,384,499.40,2025-10-25
DEF-367643-V,WH-AS-02,174,358.42,"October 22, 2025"
GH-755717-UV,WH-AS-03,466,211.63,2025-09-28
EF-090814-C,WH-AS-02,142,235.39,28-09-2025
GHI-415850-UV,WH-US-01,505,424.56,26-10-2025
KL-060642-Z,WH-AS-02,318,15.67,10/25/2025
ABC-490710-ST,WH-US-03,877,488.29,06/30/2025
GH-755717-UV,WH US 03,327,214.96,2025-10-04
ABC-166840-Y,WH-AS-01,259,143.19,"October 22, 2025"
EF-995967-B,WH-US-01,504,202.05,"September 29, 2025"
ST-883554-B,WH-US-03,331,226.77,2025-06-03
AB-758168-UV,WH-EU-03,837,$193.33,10/12/2025
MN-716198-U,WH-AS-02,141,75.89,10/23/2025
QR-530959-Y,WH-EU-01,75,$542.19,02-10-2025
KL-691855-S,WH-AS-01,295,432.51,2025-10-21
UV-821391-UV,WH-US-02,373,518.79,2025-10-15
IJ-971733-UV,WH-EU-03,325,$249.15,2025-10-06
AB-098793-UV,WH-AS-02,223,117.01,"September 28, 2025"
QR-486100-U,WH-US-03,1201,$61.55,14-10-2025
MN-703258-C,WH-US-01,726,463.12,"October 08, 2025"
EF-540131-U,WH-AS-01,587,291.96,15-10-2025
GH-027225-C,WH-US-03,764,164.48,2025-10-02
IJ-971733-UV,WH-AS-01,392,$236.06,11-10-2025
DEF-709446-U,WH-US-03,164,147.37,13-10-2025
QR-806934-B,WH-EU-02,921,$271.14,"October 23, 2025"
IJ-573092-R,WH-US-02,266,$458.15,"October 04, 2025"
CD-097781-B,WH-AS-02,301,343.42,"October 24, 2025"
GHI-847721-X,WH-AS-01,366,377.56,2025-04-16
ST-229275-R,WH-US-03,525,252.23,2025-10-25
EF-995967-B,WH-US-01,382,$193.76,10/07/2025
CD-097781-B,WH-EU-03,415,351.10,"October 17, 2025"
OP-068136-W,WH-US-02,314,501.53,08-10-2025
OP-921659-A,WH-US-01,201,191.59,03-10-2025
KL-778236-Y,WH-AS-03,623,286.47,10/02/2025
KL-609792-V,WH-US-03,11,526.54,"October 01, 2025"
GH-079898-UV,WH-US-03,731,$451.67,10/07/2025
ABC-232148-Y,WH-US-03,420,461.03,"October 07, 2025"
MN-566427-T,WH-AS-02,118,$278.35,"October 20, 2025"
EF-465656-RS,WH EU 01,887,247.29,05-10-2025
AB-629038-W,WH-EU-01,366,248.42,04-10-2025
IJ-286577-V,WH-US-01,834,325.47,10/11/2025
ABC-690305-A,WH-EU-02,161,29.96,09/30/2025
GHI-163316-U,WH-AS-01,483,$531.29,2025-10-19
EF-540131-U,WH-AS-01,458,458.20,24-10-2025
ST-229275-R,WH-AS-02,1347,$251.79,"October 03, 2025"
UV-840482-ST,WH EU 01,718,$320.82,2025-10-20
CD-241174-ST,WH-US-01,364,$290.36,10/04/2025
CD-241174-ST,WH-EU-02,583,266.74,23-10-2025
UV-821391-UV,WH-AS-02,299,$501.76,09-10-2025
GHI-528276-UV,WH-US-03,443,426.87,10/08/2025
GH-054045-B,WH-AS-03,209,$484.36,10/23/2025
MN-801581-W,WH-US-02,12,461.02,09/28/2025
MN-801581-W,WH-AS-02,258,449.85,"October 21, 2025"
MN-451770-RS,WH-US-02,554,231.89,26-10-2025
MN-958492-A,WH-US-02,961,192.28,2025-10-03
DEF-555816-V,WH-EU-01,761,787.51,08-10-2025
CD-650468-S,WH-US-01,850,38.09,09/29/2025
EF-893697-T,WH-AS-02,243,$553.26,"October 18, 2025"
QR-702474-Y,WH-US-01,183,$164.13,10/04/2025
MN-703258-C,WH-EU-03,378,$477.39,10/07/2025
IJ-669061-V,WH-US-03,398,392.49,2025-10-16
OP-175389-X,WH-EU-01,439,$164.48,2025-06-01
OP-907604-T,WH-AS-03,99,295.22,05/07/2025
GH-404906-UV,WH US 03,354,320.76,"September 27, 2025"
GH-779480-Z,WH-US-03,564,283.01,10/18/2025
AB-617886-Z,WH-EU-02,13,502.48,10-10-2025
AB-701305-ST,WH-EU-03,750,$460.84,10/03/2025
GH-161265-B,WH-US-02,450,$421.93,"October 25, 2025"
IJ-278312-S,WH-EU-01,438,346.64,09/29/2025
AB-319635-V,WH-AS-01,574,$142.76,2025-10-09
AB-319635-V,WH-EU-03,577,145.34,10/21/2025
CD-785309-W,WH-AS-01,241,806.79,2025-10-09
ABC-626380-S,WH-US-02,466,504.11,10/09/2025
ABC-651810-C,WH-US-03,369,$14.19,27-09-2025
QR-950314-UV,WH-EU-01,463,126.72,24-10-2025
AB-189073-C,WH-AS-03,407,$221.57,10/20/2025
KL-566579-R5,WH-EU-03,1045,124.32,"October 11, 2025"
IJ-259607-C,WH-EU-01,603,496.52,2025-10-07
UV-251280-V,WH-EU-03,382,361.67,10/06/2025
ABC-942435-A,WH-US-01,554,499.14,2025-10-12
IJ-979593-W,WH-US-02,934,$154.67,05-10-2025
ST-532756-V,WH-US-03,424,$159.23,"October 23, 2025"
CD-766179-Y,WH-AS-02,178,435.23,"October 23, 2025"
OP-068136-W,WH-AS-03,809,$521.66,10/03/2025
MN-716198-U,WH-US-01,315,48.15,14-10-2025
QR-530959-Y,WH-AS-02,276,529.87,2025-10-01
KL-398382-R,WH-AS-02,209,207.90,10/17/2025
OP-921659-A,WH-EU-02,1286,$458.30,12-10-2025
QR-530959-Y,WH-US-01,399,560.81,10/17/2025
ST-883554-B,WH-AS-02,219,$219.37,27-09-2025
UV-292369-T,WH-EU-03,"1,047",361.47,10/15/2025
ST-252083-R,WH-EU-01,297,47.81,10/10/2025
OP-280766-T,WH-US-01,132,$101.80,"October 18, 2025"
UV-292369-T,WH-AS-01,270,$355.61,"October 14, 2025"
IJ-669061-V,WH-US-03,285,765.77,09/28/2025
KL-561086-C,WH-EU-03,615,313.66,2025-10-26
UV-821391-UV,WH-EU-02,377,528.58,"October 07, 2025"
GH-913804-B,WH-AS-03,3724,96.84,2025-10-04
GH-377417-ST,WH-US-01,278,524.66,02-10-2025
CD-650468-S,WH-AS-02,196,$34.91,"October 21, 2025"
YZ-380580-U,WH-EU-03,203,$251.84,09/27/2025
MN-801581-W,WH-EU-03,233,431.87,2025-09-29
ST-532756-V,WH-EU-02,162,156.44,"September 28, 2025"
GH-913804-B,WH-AS-02,320,182.74,2025-10-06
GH-161265-B,WH-AS-01,603,$262.46,2025-10-11
QR-950314-UV,WH-AS-01,652,$121.12,2025-10-03
DEF-875244-Z,WH-US-01,406,573.00,11-10-2025
CD-004717-W,WH-AS-02,379,155.42,"October 24, 2025"
QR-784300-A,WH-AS-01,451,$245.84,13-10-2025
GH-098251-X,WH-US-01,2179,263.85,10/09/2025
MN-748581-V,WH-EU-02,188,$292.59,12-10-2025
UV-840482-ST,WH-AS-02,227,315.37,2025-10-12
QR-806934-B,WH-AS-03,356,288.06,2025-10-14
GH-779480-Z,WH-US-02,632,511.47,10/02/2025
OP-921659-A,WH-EU-03,382,$479.91,23-10-2025
ABC-842204-B,WH-US-01,210,$273.53,24-10-2025
KL-778236-Y,WH-US-01,131,$175.40,10/08/2025
CD-097781-B,WH-AS-01,611,660.79,"October 09, 2025"
CD-650468-S,WH-US-01,242,64.00,10/01/2025
IJ-278312-S,WH-US-03,725,344.98,10/04/2025
WX-171555-W,WH-AS-03,1916,139.11,2025-09-28
GH-985539-UV,WH-AS-02,170,188.63,2025-10-19
QR-257787-U,WH-EU-03,645,403.51,24-10-2025
ST-252083-R,WH-EU-01,295,47.99,10/10/2025
MN-563336-Y,WH-EU-01,528,333.12,09/30/2025
GH-064556-X,WH-AS-01,354,553.59,10/12/2025
ST-480434-W,WH-US-03,487,$263.32,2025-10-10
WX-922406-ST,WH-US-02,261,285.48,"October 20, 2025"
UV-821391-UV,WH-EU-02,"1,157",$517.00,10/20/2025
DEF-300105-X,WH-EU-01,490,$166.67,2025-10-01
KL-398382-R,WH-US-01,511,210.73,10/21/2025
CD-650468-S,WH-US-01,"1,029",53.68,"October 08, 2025"
GHI-993842-Z,WH-AS-03,169,25.03,"September 28, 2025"
YZ-284060-UV,WH-AS-02,1164,83.76,09/30/2025
EF-995967-B,WH-US-01,487,191.90,03-10-2025
ST-532756-V,WH-EU-01,282,146.13,10/23/2025
DEF-875244-Z,WH-AS-01,534,$533.47,"September 29, 2025"
OP-811620-V,WH-US-01,574,491.94,30-09-2025
ABC-166840-Y,WH-US-03,251,250.12,"October 06, 2025"
IJ-135628-B,WH-AS-03,"1,480",541.11,"October 08, 2025"
GH-261735-U,WH-US-02,284,531.62,2025-10-23
AB-796667-RS,WH-EU-01,339,$56.54,06-10-2025
GHI-415850-UV,WH-US-01,505,$435.55,26-10-2025
CD-845151-W,WH-EU-03,"1,522",$318.64,10/21/2025
ABC-626380-S,WH-AS-01,313,489.02,"October 15, 2025"
IJ-286577-V,WH-AS-01,317,327.67,"September 27, 2025"
YZ-947279-R,WH-US-02,418,100.94,2025-10-22
YZ-705314-B,WH-US-03,509,550.08,10/03/2025
CD-032244-S,WH-EU-02,295,275.25,15-10-2025
CD-241174-ST,WH AS 02,336,542.64,2025-10-15
IJ-286577-V,WH-EU-03,1710,351.65,10/13/2025
ST-426800-Z,WH-EU-02,471,124.89,12-10-2025
IJ-773246-S,WH-AS-03,591,364.61,10/23/2025
IJ-971733-UV,WH US 03,764,256.26,2025-10-03
CD-902393-W,WH-EU-01,323,$497.28,13-10-2025
IJ-773246-S,WH US 03,255,345.48,"June 23, 2025"
MN-244962-Z,WH-US-01,412,138.26,05/14/2025
GH-399591-V,WH-US-02,3,$516.98,2025-10-11
ABC-363479-C,WH-EU-03,232,143.83,21-05-2025
ABC-589153-R,WH-AS-03,993,597.39,"September 30, 2025"
MN-721892-B,WH-AS-01,346,228.57,"October 19, 2025"
UV-654425-W,WH-EU-01,1573,291.09,"October 16, 2025"
AB-617886-Z,WH-US-03,87,469.85,12-10-2025
MN-716198-U,WH-EU-02,238,48.13,2025-10-06
GH-404906-UV,WH-AS-03,447,348.13,"October 22, 2025"
QR-849749-ST,WH-AS-03,730,99.32,"October 20, 2025"
AB-758168-UV,WH-EU-03,"2,997",$207.03,2025-10-16
DEF-300105-X,WH-US-02,395,$308.46,25-10-2025
AB-758168-UV,WH-US-01,745,199.91,09/28/2025
OP-718870-W,WH AS 01,2228,88.03,10/13/2025
DEF-709446-U,WH-EU-02,1230,153.95,29-09-2025
AB-589508-U,WH-US-02,16,$197.99,"October 22, 2025"
DEF-300105-X,WH-US-02,495,159.99,21-10-2025
WX-299830-T,WH-AS-01,338,339.86,10/07/2025
YZ-947279-R,WH-AS-03,70,$269.25,10/15/2025
QR-806934-B,WH-AS-01,648,260.28,"October 12, 2025"
QR-736911-UV,WH-AS-03,447,394.22,2025-10-17
KL-646414-A,WH-AS-01,242,306.45,"October 18, 2025"
OP-175389-X,WH-EU-02,792,$162.43,10/12/2025
GH-779480-Z,WH-US-03,703,257.46,10/18/2025
ST-229275-R,WH-EU-01,484,239.77,10/18/2025
MN-244962-Z,WH-AS-01,257,47.09,"October 05, 2025"
UV-654425-W,WH-US-03,"1,806",516.84,19-06-2025
GH-755717-UV,WH-AS-03,414,$207.23,10/01/2025
QR-806934-B,WH-EU-02,342,$495.74,15-04-2025
EF-465656-RS,WH-US-03,620,253.34,10/17/2025
ST-978017-B,WH-EU-03,44,105.79,2025-10-26
GH-985539-UV,WH-AS-02,381,301.33,10/23/2025
DEF-875244-Z,WH-US-02,437,573.85,11-10-2025
ST-480434-W,WH-EU-03,2849,$291.75,2025-10-09
GH-779480-Z,WH-AS-02,447,580.32,"September 29, 2025"
MN-721892-B,WH-EU-03,6,218.37,2025-10-14
YZ-284060-UV,WH-AS-01,407,81.21,10/12/2025
CD-053578-A,WH-US-02,242,265.17,09/30/2025
UV-223955-B,WH AS 01,7,$457.84,"October 21, 2025"
YZ-711219-C,WH-US-02,504,316.46,10/23/2025
WX-606397-U,WH-US-01,384,164.52,"October 04, 2025"
MN-748581-V,WH-AS-01,519,285.27,07/17/2025
IJ-135628-B,WH-AS-02,355,569.62,"October 09, 2025"
EF-639720-B,WH-US-03,2156,262.98,"October 11, 2025"
ST-252083-R,WH-US-03,20,46.20,2025-10-17
UV-840482-ST,WH-EU-02,3,112.83,14-10-2025
YZ-138235-B,WH-AS-03,379,141.95,09/28/2025
DEF-127882-U,WH-AS-03,713,222.46,14-10-2025
KL-831555-B,WH-AS-03,353,452.20,2025-10-24
MN-566427-T,WH-EU-01,417,274.81,30-09-2025
QR-907339-S,WH-US-01,495,$261.68,"October 02, 2025"
AB-589508-U,WH-AS-03,448,$193.01,02-10-2025
OP-210267-ST,WH-EU-03,357,368.76,08-10-2025
ST-978017-B,WH-EU-02,192,$100.47,2025-10-06
YZ-279085-UV,WH-EU-02,359,522.89,10/19/2025
AB-319635-V,WH-US-02,360,$141.74,2025-10-17
GH-261735-U,WH-US-02,220,540.09,09/29/2025
GH-161265-B,WH-AS-01,420,$257.98,30-09-2025
AB-589508-U,WH-US-02,669,196.88,25-10-2025
QR-849749-ST,WH-EU-02,347,$91.92,10/12/2025
KL-060642-Z,WH-AS-01,8,17.13,"October 21, 2025"
GH-371858-RS,WH-AS-03,775,$392.63,29-09-2025
OP-172339-Y,WH-AS-01,420,546.05,06-10-2025
ABC-942435-A,WH-AS-03,423,516.15,10-10-2025
GH-027225-C,WH-AS-01,554,174.24,09/30/2025
ABC-942435-A,WH US 03,455,510.99,10/21/2025
YZ-401156-A,WH-EU-01,862,$91.08,"October 25, 2025"
QR-525902-RS,WH-EU-03,373,530.70,"October 20, 2025"
KL-566579-RS,WH-EU-01,502,134.33,10/03/2025
GH-913804-B,WH-US-02,367,91.60,"October 14, 2025"
AB-075441-C,WH-AS-03,884,413.66,10/07/2025
CD-324232-W,WH-US-03,112,307.71,2025-10-26
EF-090814-C,WH-US-02,487,$361.75,04-10-2025
GH-913804-B,WH-AS-01,147,100.15,23-10-2025
AB-589508-U,WH-AS-01,536,$192.34,"October 22, 2025"
GH-404906-UV,WH US 02,448,$338.10,2025-10-06
MN-801581-W,WH-AS-03,741,427.59,"October 22, 2025"
ST-883554-B,WH-EU-02,470,238.01,"October 11, 2025"
UV-821391-UV,WH-AS-01,645,519.87,"September 29, 2025"
GHI-255801-RS,WH-AS-02,383,$237.21,"October 10, 2025"
YZ-380580-U,WH-EU-03,510,460.90,05-10-2025
OP-068136-W,WH-EU-01,69,$516.84,2025-10-15
GH-161265-B,WH-EU-03,521,266.51,2025-10-18
GH-399591-V,WH-US-03,628,527.25,30-09-2025
YZ-947279-R,WH-AS-01,486,$262.58,06-10-2025
A8C-651810-C,WH-US-02,636,36.79,2025-10-26
MN-244962-Z,WH-AS-03,157,142.67,10/13/2025
QR-806934-B,WH-AS-03,119,$266.23,"October 24, 2025"
ABC-166840-Y,WH-AS-03,11,142.79,10/13/2025
QR-369203-B,WH-US-02,337,938.55,"October 24, 2025"
AB-714328-C,WH-US-02,535,286.46,11-10-2025
KL-646414-A,WH-US-01,171,309.32,11-10-2025
WX-299830-T,WH-AS-03,265,350.99,"October 24, 2025"
EF-090814-C,WH-EU-03,179,$239.01,09/29/2025
MN-441869-B,WH-EU-01,683,$491.28,18-10-2025
GH-027225-C,WH-EU-03,214,169.54,"October 02, 2025"
QR-849749-ST,WH-EU-01,2132,$164.90,17-10-2025
AB-701305-ST,WH-EU-02,1073,843.90,"October 18, 2025"
CD-241174-ST,WH-AS-01,206,265.07,09/30/2025
QR-849749-ST,WH-US-01,200,166.24,"May 22, 2025"
QR-486100-U,WH-US-01,375,$114.65,2025-10-12
WX-299830-T,WH-EU-01,790,$600.77,10/22/2025
KL-398382-R,WH-AS-02,436,200.29,2025-10-16
UV-292369-T,WH-AS-01,243,367.11,26-10-2025
ABC-842204-B,WH-EU-03,708,271.90,"October 09, 2025"
WX-606397-U,WH-AS-03,513,95.40,08-10-2025
EF-620176-X,WH-AS-02,224,$67.30,2025-10-09
UV-488575-Y,WH-EU-01,398,334.85,"October 21, 2025"
ABC-232148-Y,WH-EU-01,807,479.58,"October 06, 2025"
KL-278932-Z,WH-EU-03,209,$511.78,15-10-2025
QR-784300-A,WH-EU-02,231,$243.06,10/09/2025
QR-257787-U,WH-AS-01,540,383.75,10/06/2025
ABC-589153-R,WH-US-03,608,385.71,10/22/2025
MN-563336-Y,WH-US-03,984,350.83,"October 17, 2025"
EF-893697-T,WH-US-01,574,$524.11,2025-10-10
MN-721892-B,WH-US-03,801,229.82,10/10/2025
MN-566427-T,WH-US-03,572,285.38,09/28/2025
YZ-380580-U,WH-AS-02,941,128.09,02-10-2025
DEF-300105-X,WH-EU-01,517,169.98,"October 10, 2025"
QR-257787-U,WH-US-02,955,$389.49,"October 07, 2025"
DEF-150811-V,WH-EU-01,813,483.19,10/14/2025
CD-241174-ST,WH-EU-02,240,$458.48,02-10-2025
GHI-528276-UV,WH-EU-03,572,449.93,2025-09-29
MN-531458-V,WH-EU-01,293,268.64,10/01/2025
GH-985539-UV,WH-AS-01,"1,904",192.71,2025-10-25
ST-978017-B,WH-AS-01,156,103.30,28-09-2025
WX-611805-Z,WH-US-03,803,330.02,14-10-2025
GH-077819-Z,WH-AS-02,379,$520.95,"September 30, 2025"
CD-943590-W,WH-AS-03,575,218.67,"October 06, 2025"
OP-175389-X,WH-US-03,824,155.44,10/03/2025
WX-460381-UV,WH-US-02,20,182.73,03-10-2025
MN-958492-A,WH-EU-02,198,193.31,23-10-2025
GH-404906-UV,WH US 03,354,348.54,"September 27, 2025"
CD-845151-W,WH-EU-02,86,302.46,13-10-2025
OP-907604-T,WH-EU-02,396,299.85,09/29/2025
QR-525902-RS,WH-AS-02,1277,530.60,2025-05-23
QR-257787-U,WH-US-02,718,$400.19,11-10-2025
ST-532756-V,WH-EU-02,93,164.37,2025-10-07
EF-620176-X,WH-US-01,353,63.61,2025-10-22
MN-441869-B,WH-US-02,587,$522.41,"October 12, 2025"
KL-691855-S,WH-EU-02,340,432.69,10/11/2025
ST-426800-Z,WH-US-02,302,114.61,2025-10-21
EF-049050-B,WH-EU-02,3,379.08,"October 24, 2025"
CD-241062-S,WH-AS-02,220,$457.53,26-10-2025
KL-566579-RS,WH-US-01,609,125.73,2025-10-01
IJ-573092-R,WH-AS-01,777,473.28,18-10-2025
MN-244962-Z,WH-AS-02,389,142.15,20-10-2025
GHI-255801-RS,WH-AS-01,164,132.00,09/30/2025
EF-995967-B,WH-AS-03,564,199.83,10/03/2025
KL-278932-Z,WH EU 01,289,$499.27,"October 09, 2025"
OP-175389-X,WH-EU-01,490,$163.85,2025-10-16
YZ-713526-ST,WH-US-01,493,$353.75,2025-09-28
CD-766179-Y,WH-EU-02,326,428.47,22-10-2025
CD-902393-W,WH-AS-01,422,504.41,2025-09-30
ABC-166840-Y,WH-AS-01,1053,232.44,13-10-2025
CD-241174-ST,WH-AS-03,1476,126.69,06/22/2025
ABC-942435-A,WH-US-01,12,512.89,2025-10-12
ABC-363479-C,WH-EU-03,232,136.74,21-05-2025
QR-849749-ST,WH-AS-03,554,89.99,10/23/2025
GH-077819-Z,WH-EU-02,453,559.04,"September 27, 2025"
YZ-284060-UV,WH-AS-03,294,81.80,2025-10-05
ABC-651810-C,WH-AS-02,14,$17.96,18-07-2025
GH-985539-UV,WH-AS-02,106,181.26,07-10-2025
DEF-150811-V,WH-AS-01,897,460.38,10/20/2025
KL-533342-UV,WH-US-02,333,$59.40,2025-10-24
OP-068136-W,WH-AS-02,426,529.96,16-10-2025
ABC-343027-X,WH-US-02,629,167.38,13-10-2025
ABC-363479-C,WH-EU-03,232,136.74,21-05-2025
QR-530959-Y,WH-EU-01,57,$545.12,10/12/2025
KL-566579-RS,WH-AS-02,1207,126.79,2025-10-07
ST-582343-T,WH-AS-03,419,195.63,"September 29, 2025"
ABC-166840-Y,WH-EU-01,459,$138.63,25-10-2025
CD-845151-W,WH-EU-03,257,313.70,2025-10-12
MN-268095-R,WH-US-03,504,$370.83,10/26/2025
KL-533342-UV,WH-US-03,633,56.11,10/11/2025
OP-234752-R,WH-US-02,496,550.99,"October 23, 2025"
OP-811620-V,WH-EU-03,636,$508.73,10/19/2025
GH-054045-B,WH-EU-02,218,$520.65,12-10-2025
YZ-279085-UV,WH-AS-03,421,$504.29,2025-10-25
QR-702474-Y,WH-EU-03,872,316.06,17-10-2025
GH-077819-Z,WH-EU-02,120,541.21,"October 26, 2025"
IJ-259607-C,WH-US-01,560,$532.44,01-10-2025
EF-579856-V,WH-EU-02,406,248.08,30-09-2025
CD-324232-W,WH-US-02,761,323.32,10/07/2025
MN-958492-A,WH-AS-01,629,197.41,10/21/2025
IJ-278312-S,WH-US-02,313,319.76,10/12/2025
QR-784300-A,WH-US-03,182,261.78,2025-10-04
EF-010767-Y,WH-US-02,306,77.29,05-10-2025
GH-968096-X,WH-AS-01,880,230.21,03-10-2025
GHI-856662-S,WH-AS-01,109,440.24,2025-09-29
DEF-150811-V,WH-EU-01,575,462.95,2025-05-27
ST-532756-V,WH-AS-02,479,$154.37,"October 15, 2025"
WX-922406-ST,WH-AS-02,1207,282.52,2025-10-25
ABC-372507-X,WH-EU-02,244,$736.83,26-10-2025
AB-714328-C,WH-EU-01,425,$294.53,10/12/2025
YZ-401156-A,WH-US-01,98,163.61,10/16/2025
ABC-343027-X,WH-AS-03,634,276.39,10/13/2025
MN-703258-C,WH-AS-02,471,477.75,"October 17, 2025"
GH-715825-UV,WH-EU-03,593,149.88,19-10-2025
MN-566427-T,WH-AS-03,20,295.77,10/24/2025
MN-451770-RS,WH-US-03,348,226.38,10/12/2025
IJ-278312-S,WH-AS-01,377,336.67,"October 05, 2025"
GH-027225-C,WH-AS-03,409,$171.66,"October 13, 2025"
AB-758168-UV,WH-US-03,409,206.15,2025-09-30
QR-806934-B,WH-US-02,412,264.94,10/01/2025
MN-451770-RS,WH-US-02,477,234.74,"October 09, 2025"
DEF-300105-X,WH-US-03,574,$173.21,09/28/2025
IJ-669061-V,WH-US-01,109,406.07,28-09-2025
EF-893697-T,WH-EU-03,1977,535.65,09/28/2025
GH-920641-V,WH-US-01,342,150.70,"October 07, 2025"
ABC-942435-A,WH-AS-01,105,$544.46,10/14/2025
OP-175389-X,WH-US-02,155,158.84,10/08/2025
OP-280766-T,WH-AS-01,682,53.57,10/14/2025
1J-451664-T,WH-US-01,185,34.68,07-10-2025
KL-566579-RS,WH-EU-03,862,131.02,23-10-2025
DEF-367643-V,WH-EU-01,672,374.03,"October 24, 2025"
QR-369203-B,WH-EU-01,462,459.64,10/17/2025
CD-901300-Y,WH-US-02,731,307.45,06-10-2025
GHI-833291-UV,WH-AS-03,531,283.22,2025-10-17
WX-460381-UV,WH-AS-01,93,176.50,10/20/2025
ABC-490710-ST,WH-AS-01,167,505.73,13-10-2025
CD-766179-Y,WH-AS-01,514,433.95,"October 11, 2025"
QR-784300-A,WH-US-03,449,242.81,10/15/2025
OP-280766-T,WH-US-03,258,98.95,"October 08, 2025"
ABC-690305-A,WH-EU-01,128,$25.08,"October 06, 2025"
EF-090814-C,WH-US-02,481,237.21,24-10-2025
WX-171555-W,WH-EU-01,227,137.39,2025-10-01
OP-718870-W,WH-US-03,444,$29.93,"October 03, 2025"
GH-079898-UV,WH-AS-01,250,472.67,13-10-2025
YZ-281746-S,WH-EU-03,829,340.26,2025-10-04
IJ-573092-R,WH-AS-03,806,449.68,09/29/2025
GHI-415850-UV,WH-EU-02,252,256.99,14-10-2025
OP-068136-W,WH-US-03,349,505.37,10/01/2025
OP-280766-T,WH-AS-01,680,99.96,"October 17, 2025"
MN-721892-B,WH-EU-03,83,232.72,"September 27, 2025"
OP-175389-X,WH-AS-02,137,153.88,"October 18, 2025"
OP-811620-V,WH-EU-03,572,838.84,12-10-2025
ST-426800-Z,WH-US-03,252,118.71,10/17/2025
CD-766179-Y,WH-US-03,1102,$415.83,10-10-2025
IJ-286577-V,WH-AS-01,285,355.09,10/01/2025
GH-261735-U,WH AS 03,149,$837.69,10/24/2025
IJ-278312-S,WH-AS-01,444,325.54,16-10-2025
AB-319635-V,WH-AS-02,108,$143.05,10/18/2025
EF-620176-X,WH AS 01,117,65.35,"October 26, 2025"
YZ-281746-S,WH-US-03,1563,325.06,10/18/2025
MN-958492-A,WH US 01,489,184.29,2025-10-25
IJ-573092-R,WH-US-03,728,467.69,10/23/2025
OP-068136-W,WH-EU-01,63,538.29,2025-10-03
KL-398382-R,WH-EU-02,248,200.23,10/08/2025
EF-090814-C,WH-US-03,378,235.64,2025-10-08
EF-793495-R,WH-AS-02,234,$492.20,"October 24, 2025"
EF-465656-RS,WH-US-03,488,$243.16,15-10-2025
ABC-589153-R,WH-EU-03,617,404.09,2025-10-09
YZ-947279-R,WH-US-03,806,$258.76,08-10-2025
MN-703258-C,WH-US-02,174,$505.29,"October 05, 2025"
IJ-979593-W,WH-AS-01,251,157.47,2025-10-02
DEF-367643-V,WH-US-02,55,$608.43,2025-10-24
QR-806934-B,WH-AS-02,187,401.43,09-10-2025
YZ-281746-S,WH-AS-01,88,320.94,"October 12, 2025"
GHI-993842-Z,WH-US-03,725,$20.51,2025-10-12
IJ-573092-R,WH-EU-02,119,843.91,2025-10-04
CD-004717-W,WH-AS-02,139,$145.80,05/31/2025
DEF-709446-U,WH-US-01,392,77.33,2025-10-18
MN-418821-W,WH-AS-01,487,425.93,"October 25, 2025"
GH-077819-Z,WH EU 01,100,895.52,10/25/2025
QR-784300-A,WH-US-01,229,255.21,10/24/2025
AB-629038-W,WH-EU-02,173,246.59,2025-10-20
WX-634052-V,WH-AS-02,"1,818",350.02,16-10-2025
UV-458592-A,WH-US-02,296,448.16,2025-10-12
AB-701305-ST,WH-AS-03,1034,466.85,"September 27, 2025"
DEF-709446-U,WH-EU-01,204,$143.64,2025-10-24
DEF-127882-U,WH-US-02,647,221.18,"October 24, 2025"
QR-702474-Y,WH EU 01,286,$161.22,"October 16, 2025"
5T-582343-T,WH-EU-02,143,$361.84,"October 07, 2025"
CD-324232-W,WH-EU-01,973,307.54,05-10-2025
ABC-589153-R,WH-AS-02,175,614.67,2025-10-02
GH-064556-X,WH-AS-03,459,558.89,2025-10-15
IJ-443374-T,WH-US-01,946,398.82,10/14/2025
DEF-300105-X,WH-US-03,601,$99.39,07-10-2025
AB-319635-V,WH-US-02,14,$141.81,"October 05, 2025"
QR-530959-Y,WH-US-03,624,544.97,"October 08, 2025"
GHI-856662-S,WH-US-02,133,427.55,10/15/2025
GHI-833291-UV,WH-EU-03,962,$281.95,10/13/2025
MN-418821-W,WH-EU-03,15,258.95,10/26/2025
ABC-223086-UV,WH-EU-03,2045,$338.03,10/18/2025
OP-424389-S,WH-EU-02,3,52.30,2025-06-21
CD-097781-B,WH-US-01,397,355.77,27-09-2025
GHI-505740-U,WH-US-01,655,$200.54,10/18/2025
GH-027225-C,WH-AS-01,10,173.26,11-07-2025
DEF-300105-X,WH-AS-02,258,$279.24,27-09-2025
GH-968096-X,WH-EU-02,1486,220.91,21-10-2025
YZ-705314-B,WH-EU-02,221,544.44,2025-10-22
DEF-127882-U,WH-AS-03,717,223.73,"October 08, 2025"
MN-531458-V,WH-AS-01,714,268.73,2025-10-16
YZ-281746-S,WH-AS-03,1023,320.24,10/23/2025
CD-324232-W,WH-US-03,173,302.66,10/22/2025
ABC-166840-Y,WH-US-02,365,137.96,2025-07-07
KL-778236-Y,WH-EU-01,681,175.85,10/08/2025
CD-241174-ST,WH-AS-01,230,265.07,09/30/2025
MN-563336-Y,WH-US-03,984,$356.21,"October 17, 2025"
OP-907604-T,WH-US-03,1031,283.15,12-10-2025
UV-488575-Y,WH-US-02,336,$169.31,"October 15, 2025"
WX-220684-B,WH-US-02,623,452.26,02-10-2025
KL-778236-Y,WH-US-03,750,$332.23,10/19/2025
UV-251280-V,WH-AS-03,1907,355.66,2025-10-05
GH-079898-UV,WH US 03,901,456.72,17-10-2025
YZ-401156-A,WH-US-01,126,172.24,2025-10-04
ST-252083-R,WH-AS-01,692,45.69,"October 05, 2025"
MN-531458-V,WH-AS-01,"3,390",262.75,10/18/2025
EF-465656-RS,WH-EU-03,178,$262.83,10/11/2025
GHI-847721-X,WH-EU-01,210,$406.95,"October 10, 2025"
ABC-942435-A,WH-EU-02,364,546.48,2025-10-13
QR-702474-Y,WH-US-02,938,169.24,2025-10-19
ABC-651810-C,WH-AS-02,457,33.31,"October 01, 2025"
KL-831555-B,WH-US-03,228,445.13,10/15/2025
CD-650468-S,WH-US-03,238,55.21,2025-10-12
MN-958492-A,WH-EU-01,162,186.81,02-10-2025
DEF-555816-V,WH-AS-01,939,423.43,09/28/2025
MN-801581-W,WH-AS-03,791,430.99,2025-10-12
WX-299830-T,WH-US-03,127,339.34,10/06/2025
ABC-223086-UV,WH-AS-01,12,$342.58,10/20/2025
MN-451770-RS,WH-US-02,628,228.48,"October 23, 2025"
GH-985539-UV,WH-US-01,2314,$192.12,10/06/2025
GHI-856662-S,WH EU 01,583,$432.82,10/06/2025
AB-075441-C,WH-EU-03,259,415.57,"October 11, 2025"
OP-921659-A,WH US 01,15,477.16,2025-10-23
ST-642390-RS,WH-AS-01,264,411.52,"October 04, 2025"
IJ-259607-C,WH AS 01,962,503.35,2025-10-06
GHI-163316-U,WH-EU-03,489,554.65,2025-10-14
ABC-690305-A,WH-AS-02,991,$28.78,20-10-2025
AB-714328-C,WH-US-01,740,280.87,2025-10-24
MN-268095-R,WH-US-01,1000,$368.61,27-09-2025
UV-981110-V,WH-US-03,417,157.64,27-09-2025
OP-172339-Y,WH-AS-03,863,$504.33,07/09/2025
MN-958492-A,WH-EU-02,198,193.31,23-10-2025
ABC-002773-Z,WH-AS-01,506,198.94,12-10-2025
GH-371858-RS,WH-AS-01,296,363.65,"October 05, 2025"
DEF-555816-V,WH-AS-02,349,732.68,10/15/2025
KL-566579-RS,WH AS 01,321,130.07,05/30/2025
DEF-300105-X,WH-US-01,459,163.96,"October 10, 2025"
GHI-505740-U,WH-AS-03,357,339.46,10/21/2025
QR-907339-S,WH-US-03,492,285.89,21-10-2025
EF-897865-U,WH-US-03,158,510.98,14-10-2025
MN-161263-W,WH-US-03,553,99.14,02-10-2025
GH-779480-Z,WH-EU-03,796,510.87,10/03/2025
MN-753470-W,WH-AS-01,411,542.92,20-10-2025
ABC-363479-C,WH-EU-01,468,273.97,2025-10-24
AB-796667-RS,WH-US-01,360,21.86,10/06/2025
ABC-363479-C,WH-EU-02,115,258.36,"October 06, 2025"
KL-566579-RS,WH-AS-01,305,127.54,15-10-2025
IJ-669061-V,WH-EU-02,490,676.81,2025-09-30
MN-099907-S,WH-AS-03,579,450.85,17-10-2025
GH-079898-UV,WH-US-02,803,454.74,10/23/2025
UV-251280-V,WH-US-02,435,350.56,2025-10-10
AB-589508-U,WH-US-02,604,190.61,2025-10-13
DEF-875244-Z,WH-US-01,402,542.91,2025-10-06
GH-779480-Z,WH-US-01,783,526.71,22-10-2025
GH-077819-Z,WH-AS-01,275,$826.34,09/27/2025
MN-563336-Y,WH-AS-03,492,360.70,29-09-2025
QR-736911-UV,WH-AS-01,316,418.30,24-10-2025
GH-402124-ST,WH-US-02,272,106.13,2025-10-07
EF-893697-T,WH-AS-03,442,559.71,2025-07-06
UV-821391-UV,WH-US-01,131,$489.39,"October 21, 2025"
YZ-947279-R,WH-EU-01,6,156.79,2025-07-02
QR-486100-U,WH-AS-01,873,61.10,10/16/2025
GH-399591-V,WH-EU-02,297,497.99,11-10-2025
GH-371858-RS,WH-US-01,"3,257",363.13,18-10-2025
DEF-127882-U,WH-EU-02,276,232.10,29-09-2025
EF-090814-C,WH-AS-03,455,233.40,29-09-2025
CD-053578-A,WH-AS-01,56,276.76,15-05-2025
IJ-259607-C,WH-AS-01,950,543.17,04-10-2025
ABC-490710-ST,WH-US-01,299,170.99,"October 21, 2025"
OP-608040-A,WH-EU-01,1053,549.98,29-09-2025
UV-821391-UV,WH-EU-03,18,497.41,"October 25, 2025"
UV-821391-UV,WH-US-01,852,505.86,10/12/2025
GH-920641-V,WH-EU-01,897,149.91,10/19/2025
IJ-135628-B,WH-US-03,548,$535.23,2025-10-15
GH-064556-X,WH-AS-02,201,571.58,01-10-2025
EF-049050-B,WH-EU-01,3911,$396.09,2025-10-04
CD-845151-W,WH-AS-02,175,321.46,09/30/2025
EF-995967-B,WH-US-03,404,317.04,10/01/2025
EF-620176-X,WH-US-01,1478,62.42,"October 13, 2025"
AB-617886-Z,WH-EU-03,322,$498.99,2025-10-20
GHI-833291-UV,WH-AS-03,17,286.60,2025-10-15
WX-460381-UV,WH-EU-03,133,$179.26,"October 12, 2025"
EF-639720-B,WH-EU-03,971,270.36,2025-10-19
QR-525902-RS,WH-US-02,496,$521.81,10/13/2025
QR-369203-B,WH-AS-02,459,460.67,10/22/2025
GH-098251-X,WH-AS-03,315,279.98,"October 05, 2025"
KL-561086-C,WH-US-01,533,$336.52,10/20/2025
GH-098251-X,WH-US-01,219,264.00,10/16/2025
AB-098793-UV,WH-US-01,296,112.41,17-10-2025
UV-654425-W,WH-US-03,334,290.55,25-10-2025
KL-566579-RS,WH-EU-01,1761,$48.93,2025-10-19
ST-582343-T,WH-EU-01,454,337.78,10/08/2025
CD-901300-Y,WH-AS-02,225,303.31,2025-07-17
YZ-380580-U,WH-US-02,188,254.82,10/05/2025
ABC-363479-C,WH-US-02,361,257.61,10/05/2025
WX-220684-B,WH-US-03,1369,467.90,10/01/2025
GH-064556-X,WH-AS-01,391,560.06,10/12/2025
KL-609792-V,WH-AS-03,451,551.21,12-10-2025
GH-261735-U,WH-EU-03,1443,$511.40,10/22/2025
MN-382913-X,WH-EU-02,1585,$289.88,2025-10-26
EF-579856-V,WH-AS-02,334,230.23,03-10-2025
YZ-279085-UV,WH-EU-02,305,493.55,10/19/2025
OP-280766-T,WH-EU-01,286,94.24,10/21/2025
EF-540131-U,WH-EU-01,2544,$278.26,10/12/2025
GHI-993842-Z,WH-AS-02,663,23.61,29-09-2025
EF-893697-T,WH-AS-03,392,533.07,25-10-2025
CD-845151-W,WH-US-02,391,318.18,09/28/2025
GH-077819-Z,WH-EU-01,391,540.54,10/12/2025
ABC-372507-X,WH-AS-02,198,436.94,09/30/2025
KL-609792-V,WH-US-01,509,511.80,10/11/2025
ABC-363479-C,WH-US-03,781,260.57,10-10-2025
ST-426800-Z,WH-US-01,275,117.63,"October 16, 2025"
ST-883554-B,WH-AS-03,502,220.00,"September 28, 2025"
GHI-856662-S,WH-US-02,468,463.23,"September 29, 2025"
QR-736911-UV,WH-US-03,468,397.92,10/03/2025
GH-913804-B,WH-US-02,363,$93.01,"October 07, 2025"
ABC-363479-C,WH-EU-02,299,158.14,2025-10-12
ABC-626380-S,WH-EU-03,765,$939.80,2025-10-11
ABC-232148-Y,WH-AS-02,416,913.32,"October 21, 2025"
GHI-856662-S,WH-US-02,403,463.64,2025-10-13
DEF-667563-ST,WH AS 03,621,$467.77,2025-10-05
KL-566579-R5,WH-EU-03,1045,124.32,"October 11, 2025"
IJ-971733-UV,WH-US-02,704,$259.15,09/30/2025
MN-418821-W,WH-US-02,673,443.41,05-10-2025
IJ-535277-Y,WH-US-03,401,155.09,2025-10-26
OP-068136-W,WH-US-03,274,524.04,"October 20, 2025"
GH-779480-Z,WH-EU-01,551,529.28,"October 10, 2025"
ABC-223086-UV,WH-US-03,256,319.80,"September 30, 2025"
AB-098793-UV,WH-US-02,444,113.89,17-10-2025
GHI-847721-X,WH-US-03,564,$394.54,29-09-2025
CD-943590-W,WH-AS-01,595,$374.45,10/10/2025
WX-611805-Z,WH-EU-03,496,338.67,10-10-2025
IJ-573092-R,WH-AS-03,4,462.65,24-10-2025
OP-811620-V,WH-US-02,554,$511.60,"June 06, 2025"
GHI-163316-U,WH-US-01,653,529.52,2025-10-15
CD-053578-A,WH-AS-03,462,110.76,04-10-2025
ST-480434-W,WH-EU-03,695,278.62,09-10-2025
EF-893697-T,WH-US-02,301,538.25,21-10-2025
DEF-127882-U,WH-AS-03,2859,223.10,2025-10-13
QR-907339-S,WH-AS-01,956,515.43,2025-10-08
GH-371858-RS,WH-EU-01,231,137.33,"October 25, 2025"
ABC-166840-Y,WH-EU-02,245,$147.06,2025-10-09
DEF-555816-V,WH-EU-01,711,$254.02,10/17/2025
CD-650468-S,WH-AS-01,257,37.28,18-10-2025
GH-261735-U,WH-EU-02,450,$540.76,01-10-2025
ABC-232148-Y,WH-EU-01,691,$488.32,15-10-2025
MN-099907-S,WH-EU-01,1941,448.00,10/06/2025
GHI-993842-Z,WH-US-01,590,23.37,2025-10-01
GH-064556-X,WH-EU-01,281,$537.71,10/25/2025
IJ-669061-V,WH US 02,406,401.33,10/02/2025
ABC-343027-X,WH-AS-01,291,173.61,18-10-2025
GH-755717-UV,WH-EU-02,375,200.87,13-10-2025
QR-486100-U,WH-AS-03,655,61.62,"April 28, 2025"
ABC-942435-A,WH-EU-01,1055,545.11,09/30/2025
IJ-278312-S,WH-AS-01,420,335.42,10/17/2025
QR-530959-Y,WH-US-02,159,$556.43,10/07/2025
YZ-711219-C,WH-US-03,822,321.49,27-09-2025
DEF-127882-U,WH-US-02,448,94.03,"September 28, 2025"
AB-075441-C,WH-AS-03,884,413.66,10/07/2025
IJ-971733-UV,WH-US-01,666,259.50,01-10-2025
EF-639720-B,WH-AS-01,295,268.11,10/04/2025
DEF-555816-V,WH-AS-03,113,441.25,2025-10-07
MN-441869-B,WH-EU-01,728,$497.18,17-10-2025
UV-654425-W,WH AS 01,873,$300.81,"October 20, 2025"
IJ-773246-S,WH-AS-02,266,355.43,"October 16, 2025"
MN-268095-R,WH-AS-01,654,409.19,10/07/2025
GHI-255801-RS,WH US 03,463,229.61,10/03/2025
KL-609792-V,WH-US-02,1026,521.38,10/22/2025
OP-718870-W,WH US 03,475,89.54,26-10-2025
MN-531458-V,WH-US-02,2755,$279.66,"October 02, 2025"
MN-801581-W,WH-EU-01,3473,$433.70,"October 03, 2025"
OP-280766-T,WH-AS-01,537,99.96,"October 17, 2025"
QR-950314-UV,WH-AS-02,141,62.01,10/22/2025
OP-175389-X,WH-US-01,2023,150.52,10/15/2025
OP-921659-A,WH-AS-02,330,$930.57,"October 04, 2025"
EF-465656-RS,WH-EU-03,423,253.29,04-10-2025
OP-907604-T,WH EU 01,122,298.61,10/23/2025
QR-950314-UV,WH-AS-01,110,$126.39,10/26/2025
EF-995967-B,WH-EU-02,328,$190.56,10/02/2025
ABC-870634-V,WH-US-01,295,475.15,2025-09-30
OP-718870-W,WH-AS-01,731,86.42,16-10-2025
WX-611805-Z,WH-US-03,783,341.62,10/23/2025
GH-261735-U,WH-EU-01,746,$523.58,10-10-2025
GHI-993842-Z,WH-EU-03,582,22.97,2025-10-15
UV-251280-V,WH-EU-03,492,370.34,"October 12, 2025"
GH-920641-V,WH-US-02,424,$151.48,10/06/2025
GH-077819-Z,WH-AS-01,257,916.05,23-10-2025
CD-324232-W,WH-AS-01,336,316.48,2025-10-23
AB-796667-RS,WH-US-02,601,34.26,"October 01, 2025"
OP-234752-R,WH-US-03,347,505.83,09/29/2025
IJ-773246-S,WH-EU-01,11,352.22,03-10-2025
ABC-223086-UV,WH US 01,477,341.43,2025-10-18
CD-902393-W,WH-EU-02,834,523.37,18-10-2025
GHI-505740-U,WH-US-03,2052,$204.89,"October 24, 2025"
MN-268095-R,WH-AS-03,530,387.18,10/24/2025
CD-241174-ST,WH-EU-02,417,266.60,23-10-2025
CD-241062-S,WH-EU-01,1537,$445.53,2025-10-13
UV-840482-ST,WH-AS-01,720,324.91,24-10-2025
ABC-363479-C,WH-US-02,1459,265.77,"October 01, 2025"
MN-566427-T,WH-EU-01,439,$275.57,"October 11, 2025"
QR-486100-U,WH-AS-03,655,61.62,"April 28, 2025"
MN-099907-S,WH-AS-01,471,$468.11,2025-10-17
GH-779480-Z,WH-AS-02,447,552.58,"September 29, 2025"
CD-114668-A,WH-EU-01,624,173.49,10/16/2025
KL-533342-UV,WH-EU-02,479,54.82,"October 12, 2025"
WX-922406-ST,WH-US-02,238,268.28,"October 07, 2025"
UV-223955-B,WH-AS-03,184,455.40,"October 07, 2025"
IJ-979593-W,WH-US-02,1068,$159.04,10/13/2025
AB-701305-ST,WH-EU-02,1073,770.84,"October 18, 2025"
A8C-343027-X,WH-EU-02,357,172.82,2025-10-23
IJ-669061-V,WH-EU-03,547,387.63,03-05-2025
WX-606397-U,WH-AS-02,1304,90.26,01-10-2025
EF-010767-Y,WH-AS-03,403,78.78,10/15/2025
MN-418821-W,WH-AS-03,528,444.80,2025-10-05
1J-451664-T,WH-AS-01,158,$35.60,10/20/2025
AB-617886-Z,WH-US-03,338,481.46,30-09-2025
EF-090814-C,WH-AS-03,608,241.93,2025-10-02
CD-097781-B,WH-US-03,280,336.08,18-10-2025
MN-958492-A,WH-AS-03,630,297.46,2025-10-01
KL-925231-X,WH-US-03,189,256.67,2025-10-01
AB-319635-V,WH-EU-03,385,$150.26,"September 27, 2025"
DEF-709446-U,WH-AS-03,284,$149.17,10/22/2025
GH-402124-ST,WH-AS-03,490,$104.56,"October 24, 2025"
ABC-942435-A,WH-US-01,426,542.11,10/21/2025
IJ-773246-5,WH-EU-01,531,$359.22,2025-10-14
GH-027225-C,WH-AS-02,304,$163.56,05-10-2025
KL-778236-Y,WH-EU-01,628,187.18,08-10-2025
CD-241062-S,WH-EU-01,459,$472.36,19-10-2025
OP-234752-R,WH-US-02,438,$1023.22,10/09/2025
IJ-773246-S,WH-AS-02,199,368.70,"October 14, 2025"
EF-639720-B,WH-AS-01,393,259.89,2025-10-15
WX-460381-UV,WH-EU-01,403,174.75,10/16/2025
ABC-166840-Y,WH-EU-03,464,139.54,2025-10-08
UV-821391-UV,WH-AS-02,429,$535.95,10/04/2025
KL-398382-R,WH-AS-03,2873,328.10,08-07-2025
GH-913804-B,WH-AS-03,817,97.18,29-09-2025
IJ-773246-S,WH-AS-01,455,368.35,2025-10-06
UV-292369-T,WH-EU-01,511,367.90,18-10-2025
KL-691855-S,WH-US-01,262,$421.92,2025-10-09
MN-244962-Z,WH-EU-03,575,142.84,"October 13, 2025"
GH-098251-X,WH-AS-02,360,267.09,14-10-2025
EF-922981-U,WH-EU-03,7,209.61,15-10-2025
CD-053578-A,WH-AS-01,80,268.42,2025-10-01
EF-465656-RS,WH-EU-03,178,$262.83,10/11/2025
UV-488575-Y,WH-AS-02,265,337.09,19-10-2025
MN-441869-B,WH-AS-02,660,488.32,05-10-2025
OP-210267-ST,WH-US-03,641,$366.66,2025-10-14
MN-268095-R,WH-US-01,1014,$404.01,06-10-2025
GH-779480-Z,WH-AS-01,265,$510.78,18-10-2025
QR-950314-UV,WH-EU-03,681,124.52,10/15/2025
MN-958492-A,WH-AS-03,588,190.40,09/29/2025
GH-985539-UV,WH-AS-02,19,182.08,10/25/2025
MN-382913-X,WH-EU-03,112,294.18,02-10-2025
ST-642390-RS,WH-AS-02,175,412.49,10/05/2025
KL-561086-C,WH-AS-01,"3,575",326.90,"October 22, 2025"
YZ-711219-C,WH-US-02,504,326.10,10/23/2025
IJ-286577-V,WH-AS-01,441,328.78,2025-10-16
IJ-259607-C,WH US 01,472,$516.12,2025-10-04
EF-090814-C,WH-AS-01,615,228.13,21-10-2025
EF-995967-B,WH AS 01,734,189.92,10/15/2025
ST-883554-B,WH-AS-03,534,224.13,2025-10-14
OP-234752-R,WH-AS-03,275,806.29,10/11/2025
YZ-138235-8,WH-US-03,455,$140.17,30-09-2025
DEF-555816-V,WH-AS-02,374,443.96,"October 24, 2025"
CD-943590-W,WH-AS-02,15,376.69,10/17/2025
ABC-690305-A,WH-EU-01,123,25.96,2025-10-08
UV-981110-V,WH-AS-02,216,147.78,"September 28, 2025"
CD-650468-S,WH-AS-03,447,37.41,"October 10, 2025"
IJ-259607-C,WH-US-01,528,$513.09,06-10-2025
ABC-223086-UV,WH US 01,403,332.73,2025-10-18
AB-758168-UV,WH-AS-01,359,202.42,10/05/2025
QR-736911-UV,WH-US-02,503,$704.64,"October 01, 2025"
CD-766179-Y,WH-AS-03,281,406.83,"October 08, 2025"
AB-319635-V,WH-EU-03,462,145.34,10/21/2025
ST-582343-T,WH-EU-02,276,$330.61,10/06/2025
OP-424389-S,WH AS 01,514,49.69,"October 05, 2025"
KL-278932-Z,WH-US-03,515,521.92,01-10-2025
QR-525902-RS,WH-EU-01,376,525.55,2025-10-04
QR-950314-UV,WH-EU-01,489,$198.53,10/19/2025
YZ-713526-ST,WH EU 01,339,346.57,"May 08, 2025"
OP-608040-A,WH US 03,3,568.64,"October 26, 2025"
ABC-490710-ST,WH-EU-03,1557,494.74,"September 28, 2025"
AB-098793-UV,WH-AS-02,177,122.60,"September 28, 2025"
WX-460381-UV,WH-EU-03,1276,172.36,"October 01, 2025"
DEF-709446-U,WH AS 03,1194,$146.70,10/03/2025
GH-371858-RS,WH-EU-02,413,369.39,28-09-2025
CD-650468-S,WH-US-01,850,38.09,09/29/2025
GH-913804-B,WH-US-03,727,$99.81,29-09-2025
GH-779480-Z,WH-EU-03,567,$230.42,10/17/2025
CD-097781-B,WH-AS-01,569,$335.80,2025-10-13
KL-733052-X,WH-US-01,2052,584.11,2025-10-11
QR-950314-UV,WH-US-02,428,124.78,10/10/2025
ABC-372507-X,WH-US-02,1131,702.90,10/14/2025
QR-950314-UV,WH-AS-03,85,$122.19,10/09/2025
MN-748581-V,WH-AS-02,163,$286.57,10/19/2025
KL-060642-Z,WH-AS-03,411,$41.29,2025-09-28
OP-921659-A,WH-US-01,190,473.93,24-10-2025
UV-292369-T,WH-EU-03,891,341.67,10/06/2025
UV-223955-B,WH-US-01,341,426.45,11-10-2025
AB-714328-C,WH-US-02,655,283.80,26-10-2025
MN-418821-W,WH-US-01,815,684.96,"October 25, 2025"
AB-796667-RS,WH-AS-03,275,$36.23,20-10-2025
DEF-709446-U,WH-EU-02,184,236.80,2025-10-07
EF-010767-Y,WH-EU-02,148,$75.11,15-10-2025
MN-563336-Y,WH-US-03,967,546.17,2025-06-21
GH-261735-U,WH-AS-01,594,515.62,10/23/2025
ABC-942435-A,WH-AS-03,1335,241.76,10/20/2025
QR-530959-Y,WH-EU-02,18,519.41,2025-10-07
KL-278932-Z,WH-EU-02,230,$510.00,24-10-2025
WX-922406-ST,WH-US-02,195,268.28,"October 07, 2025"
CD-650468-S,WH-US-02,3447,32.27,10/14/2025
YZ-284060-UV,WH-EU-02,130,130.36,10/08/2025
WX-220684-B,WH-US-03,389,474.50,05-10-2025
UV-292369-T,WH-EU-01,384,370.98,10/16/2025
GH-913804-B,WH-US-03,852,$100.53,15-04-2025
QR-486100-U,WH-AS-02,133,$91.28,"October 14, 2025"
WX-220684-B,WH-US-03,284,514.91,05-10-2025
MN-451770-RS,WH-US-03,392,448.05,09/29/2025
ST-252083-R,WH-AS-03,776,49.13,"September 30, 2025"
EF-579856-V,WH-US-01,647,$228.58,10/09/2025
AB-098793-UV,WH EU 01,300,113.44,10/19/2025
ABC-223086-UV,WH-US-01,129,$345.13,"October 10, 2025"
CD-901300-Y,WH-EU-01,351,318.14,02-10-2025
OP-618024-U,WH-EU-02,329,326.90,04-10-2025
AB-796667-RS,WH-EU-02,488,$37.89,19-10-2025
UV-821391-UV,WH-AS-02,388,481.93,28-09-2025
DEF-127882-U,WH-AS-01,628,$236.49,10/03/2025
GH-027225-C,WH-US-01,425,165.74,03-10-2025
OP-424389-S,WH-EU-01,140,49.03,22-10-2025
YZ-711219-C,WH-AS-03,903,312.93,14-10-2025
ST-252083-R,WH-US-02,246,48.63,03-06-2025
KL-533342-UV,WH-EU-03,307,28.98,2025-10-15
OP-175389-X,WH-EU-01,411,162.96,"October 26, 2025"
MN-382913-X,WH-EU-01,666,286.09,2025-10-22
GH-377417-ST,WH-EU-03,89,$525.97,10/03/2025
GHI-163316-U,WH-US-02,557,556.71,10/24/2025
QR-369203-B,WH-AS-03,125,477.92,10/05/2025
CD-097781-B,WH-AS-01,454,333.55,19-10-2025
CD-707073-B,WH-EU-03,832,534.19,2025-10-26
ST-978017-B,WH-AS-01,259,100.21,23-10-2025
MN-161263-W,WH-AS-01,683,99.88,2025-10-01
IJ-669061-V,WH-EU-01,473,415.69,21-10-2025
CD-650468-S,WH-EU-02,354,34.58,"October 05, 2025"
AB-629038-W,WH-AS-01,605,$241.75,2025-10-13
AB-701305-ST,WH-US-01,162,456.91,09/27/2025
KL-691855-S,WH-AS-02,349,650.28,"October 19, 2025"
EF-793495-R,WH-AS-01,2254,501.87,10/16/2025
CD-004717-W,WH-AS-02,379,155.42,"October 24, 2025"
UV-223955-B,WH-EU-02,464,455.55,10/10/2025
GH-054045-B,WH-AS-02,293,476.51,10/15/2025
MN-441869-B,WH-AS-03,373,509.59,2025-10-25
AB-701305-ST,WH-AS-03,353,441.58,"October 26, 2025"
ABC-651810-C,WH-AS-02,125,34.30,2025-10-04
AB-189073-C,WH-AS-01,149,202.94,"October 25, 2025"
KL-609792-V,WH-AS-03,579,$195.32,10/22/2025
DEF-150811-V,WH-AS-03,739,462.70,20-10-2025
UV-488575-Y,WH-US-03,261,311.91,30-09-2025
OP-068136-W,WH-US-01,605,511.64,08-10-2025
MN-753470-W,WH-EU-02,11,518.32,2025-10-13
GH-027225-C,WH-US-03,1,170.23,03-10-2025
QR-784300-A,WH-EU-03,738,238.96,2025-10-06
CD-902393-W,WH-EU-02,17,531.39,2025-10-25
MN-099907-S,WH EU 02,477,472.60,2025-10-25
EF-540131-U,WH-US-03,262,$277.37,10/12/2025
ST-883554-B,WH-US-01,124,119.98,09-10-2025
AB-617886-Z,WH-US-03,206,$490.19,"October 21, 2025"
ABC-372507-X,WH-AS-01,600,772.15,01-10-2025
OP-068136-W,WH-EU-03,767,493.03,08-05-2025
GH-985539-UV,WH-AS-02,139,181.26,07-10-2025
DEF-875244-Z,WH-EU-01,482,$554.75,2025-05-17
ST-582343-T,WH-US-02,557,358.63,2025-10-06
GH-054045-B,WH-US-01,579,499.26,"October 22, 2025"
CD-097781-B,WH-AS-03,387,341.45,2025-09-27
QR-257787-U,WH-AS-02,230,398.07,"October 05, 2025"
AB-617886-Z,WH-EU-02,593,478.87,27-09-2025
WX-460381-UV,WH-AS-02,330,181.20,2025-10-10
MN-268095-R,WH-US-01,1008,385.91,2025-10-11
QR-530959-Y,WH-US-02,163,299.36,2025-10-12
GH-920641-V,WH-AS-02,1636,$152.20,10/09/2025
GHI-415850-UV,WH-EU-01,171,260.54,"October 09, 2025"
GH-755717-UV,WH-US-03,337,206.26,04-10-2025
OP-172339-Y,WH-EU-02,366,527.55,10/01/2025
GH-079898-UV,WH-EU-01,666,$450.96,10/11/2025
AB-617886-Z,WH-EU-02,239,470.34,10/22/2025
EF-620176-X,WH-AS-01,238,26.67,"October 04, 2025"
WX-922406-ST,WH-EU-03,237,269.46,10/11/2025
QR-369203-B,WH-EU-02,250,$465.49,14-05-2025
KL-566579-RS,WH-AS-01,345,$138.02,10/05/2025
KL-060642-Z,WH-EU-03,431,$43.91,18-04-2025
QR-736911-UV,WH US 03,109,$693.56,27-09-2025
EF-579856-V,WH-AS-03,380,249.49,2025-10-14
EF-639720-B,WH-US-01,787,$86.54,2025-10-10
YZ-711219-C,WH-EU-02,689,326.04,28-09-2025
OP-175389-X,WH-EU-01,549,168.63,2025-10-08
ST-252083-R,WH-AS-01,622,$43.56,30-09-2025
OP-921659-A,WH-AS-02,167,483.24,"October 09, 2025"
KL-060642-Z,WH-US-01,571,39.10,28-09-2025
OP-424389-S,WH-US-03,620,48.17,24-10-2025
WX-922406-ST,WH-US-02,766,285.00,10/03/2025
IJ-773246-S,WH EU 01,628,364.34,"October 22, 2025"
YZ-284060-UV,WH-US-03,649,$78.68,10/01/2025
OP-811620-V,WH-AS-03,"1,738",$488.84,28-09-2025
UV-251280-V,WH-AS-02,394,378.80,"October 07, 2025"
GH-755717-UV,WH-AS-03,414,$207.23,10/01/2025
GH-402124-ST,WH EU 02,"1,539",$217.43,10/11/2025
QR-950314-UV,WH-EU-03,797,115.77,10/21/2025
GH-064556-X,WH-AS-02,271,569.73,"October 03, 2025"
WX-922406-ST,WH-US-03,36,$263.45,"October 17, 2025"
UV-117970-V,WH-AS-02,292,428.82,14-10-2025
GH-920641-V,WH-AS-02,325,264.47,"October 24, 2025"
QR-907339-S,WH EU 03,179,487.56,09-10-2025
CD-324232-W,WH-US-01,905,312.73,10/20/2025
IJ-979593-W,WH-AS-01,292,75.63,18-10-2025
UV-223955-B,WH-AS-02,1542,$445.88,"September 29, 2025"
KL-398382-R,WH-AS-01,103,$193.76,"October 13, 2025"
GH-098251-X,WH-AS-02,536,503.99,2025-09-29
ABC-651810-C,WH-AS-02,2064,19.23,09-10-2025
MN-958492-A,WH-US-02,917,184.79,27-06-2025
WX-220684-B,WH-AS-02,524,$445.03,2025-10-09
MN-958492-A,WH-US-03,407,$190.55,16-10-2025
ST-252083-R,WH-AS-02,1734,48.90,2025-09-28
ABC-942435-A,WH-AS-03,423,467.19,10-10-2025
CD-943590-W,WH-AS-01,432,$378.99,2025-10-26
GH-985539-UV,WH-EU-02,266,178.74,"October 01, 2025"
UV-458592-A,WH-EU-01,14,413.99,"October 23, 2025"
CD-241174-ST,WH-AS-02,482,283.85,13-10-2025
WX-460381-UV,WH-AS-02,235,183.34,21-10-2025
AB-319635-V,WH-US-01,892,144.94,15-10-2025
YZ-705314-B,WH-US-02,393,566.51,25-10-2025
ABC-651810-C,WH-EU-02,276,19.55,"October 25, 2025"
EF-049050-B,WH-EU-01,923,411.21,2025-10-21
CD-785309-W,WH-AS-01,217,473.25,04-10-2025
UV-981110-V,WH-US-03,8,$157.07,30-09-2025
MN-441869-B,WH-US-01,540,522.00,"October 16, 2025"
CD-901300-Y,WH-US-03,9,301.11,22-10-2025
UV-821391-UV,WH-US-03,324,493.26,"April 17, 2025"
MN-566427-T,WH-EU-02,275,$297.01,17-10-2025
DEF-709446-U,WH-US-03,164,154.83,13-10-2025
QR-950314-UV,WH-AS-03,480,119.71,14-10-2025
GHI-255801-RS,WH-AS-01,476,236.30,2025-10-21
