converted,age,income,last_login_days,plan_tier,source,country,sessions,avg_session_minutes,email,device_type,signup_month,engagement_score
1,41.0,39000.0,45.0,basic,organic,US,3.0,5.0,user521@domain21.com,mobile,Dec,-5.791541509248216
1,,43000.0,300.0,basic,,US,2.0,6.858700648177589,user737@domain37.com,desktop,Sep,-2.2365849008830683
1,28.0,52000.0,3.0,pro,ads,US,7.0,12.5,user740@domain40.com,tablet,Dec,14.66548530558807
0,28.0,52000.0,3.0,pro,,US,,12.5,user660@domain10.com,desktop,Feb,0.4299970639923867
1,45.0,42000.0,365.0,basic,organic,CA,1.0,2.8,user411@domain11.com,desktop,Jun,
1,29.0,64000.0,9.0,pro,organic,GB,8.0,13.2,user678@domain28.com,tablet,Sep,11.386120532580616
1,27.0,70000.0,5.0,pro,,CA,12.0,14.4,user626@domain26.com,,Dec,3.176346807049713
1,52.0,40000.0,250.0,basic,ads,GB,2.0,31.364164575480117,user513@domain13.com,desktop,Apr,21.787437089792693
1,,38000.0,400.0,basic,ads,US,1.0,,user859@domain9.com,mobile,Apr,11.918472164283013
0,32.0,80000.0,7.0,pro,ads,CA,9.0,12.9,user136@domain36.com,tablet,Jun,4.875357287400267
1,115.01460617307119,42000.0,365.0,,organic,CA,,2.8,user811@domain11.com,smart_tv,Jan,5.763394639634366
0,32.0,80000.0,7.0,pro,ads,CA,9.0,12.9,user76@domain26.com,mobile,Apr,13.823105399673237
0,32.0,80000.0,7.0,pro,ads,CA,9.0,12.9,user636@domain36.com,,Jun,14.471798279134372
1,52.0,40000.0,250.0,basic,ads,GB,2.0,4.0,user973@domain23.com,desktop,Sep,2.0412990398458764
1,29.0,64000.0,9.0,pro,organic,GB,8.0,,user938@domain38.com,desktop,Apr,9.755133777890997
1,60.0,38000.0,400.0,basic,ads,US,1.0,2.5,user899@domain49.com,mobile,Oct,1.1604674931566485
1,28.0,52000.0,3.0,pro,ads,US,7.0,12.5,user280@domain30.com,mobile,Nov,11.206977276743508
1,,31000.0,120.0,basic,ads,GB,1.0,3.1,user883@domain33.com,desktop,Dec,5.799049912780888
1,41.0,39000.0,45.0,basic,organic,US,3.0,5.0,user761@domain11.com,mobile,Aug,
1,60.0,,400.0,basic,ads,US,,2.5,user319@domain19.com,tablet,Jan,-4.298475443408217
1,29.0,8691.171193202455,200.0,basic,referral,US,2.0,4.1,user549@domain49.com,mobile,Jul,8.684067140425814
1,36.0,90000.0,6.0,pro,,US,13.0,19.0,user174@domain24.com,wearable,Aug,21.76210842019895
1,45.0,42000.0,365.0,basic,organic,CA,1.0,,user371@domain21.com,mobile,Nov,4.744013419940336
1,38.0,50000.0,90.0,basic,organic,GB,4.0,6.2,user527@domain27.com,desktop,Mar,16.31934567157053
1,31.0,,8.0,,ads,US,8.0,13.9,user210@domain10.com,tablet,Dec,12.135146374660245
1,23.0,29000.0,,basic,,US,1.0,3.2,user235@domain35.com,desktop,Mar,2.9400247863983697
1,,39000.0,45.0,basic,organic,US,3.0,5.0,user101@domain1.com,desktop,Sep,9.189296494732048
1,27.0,70000.0,,pro,,CA,12.0,14.4,user986@domain36.com,desktop,Mar,15.10687368497299
1,35.0,,1.0,pro,,CA,15.0,18.2,user902@domain2.com,desktop,Apr,
1,38.0,50000.0,90.0,basic,organic,GB,4.0,6.2,user947@domain47.com,mobile,Sep,11.976788873333685
0,27.0,70000.0,5.0,pro,referral,CA,,14.4,user346@domain46.com,smart_tv,Mar,4.678624095000913
1,60.0,,400.0,basic,ads,US,1.0,2.5,user139@domain39.com,desktop,Feb,0.6623484780666158
1,41.0,,45.0,basic,,US,3.0,,user621@domain21.com,mobile,Jun,3.602047512918392
1,60.0,38000.0,400.0,basic,ads,US,1.0,2.5,user499@domain49.com,mobile,Jun,2.7946119744932116
1,31.0,76000.0,8.0,pro,ads,US,8.0,9.7738875564949,user370@domain20.com,mobile,Jul,2.641123684449309
0,,64000.0,9.0,pro,organic,GB,8.0,13.2,user198@domain48.com,tablet,Jul,20.347072678182492
1,38.0,,,basic,organic,GB,4.0,,user687@domain37.com,desktop,Mar,13.325835259056923
1,30.0,61000.0,2.0,pro,organic,US,9.0,16.0,user584@domain34.com,smart_tv,Aug,20.53942294263601
1,41.0,39000.0,45.0,basic,organic,US,3.0,5.0,user901@domain1.com,desktop,Feb,2.010691952631466
1,60.0,38000.0,400.0,basic,ads,US,1.0,2.5,user59@domain9.com,mobile,Jan,1.7663774588550183
1,33.0,202335.2123660088,4.0,pro,ads,US,10.0,15.5,user328@domain28.com,wearable,Aug,19.9616592592749
0,32.0,80000.0,7.0,pro,ads,CA,9.0,12.9,user96@domain46.com,desktop,Jun,11.970563240922171
1,,68000.0,3.0,pro,organic,US,11.0,17.0,user312@domain12.com,wearable,Jun,
1,36.0,90000.0,,pro,referral,US,13.0,,user974@domain24.com,mobile,Sep,
1,,,400.0,basic,ads,US,1.0,,user299@domain49.com,desktop,Feb,
1,48.0,43000.0,,,referral,US,2.0,4.6,user277@domain27.com,smart_tv,Jul,2.0589862318562933
0,30.0,61000.0,2.0,pro,organic,US,9.0,16.0,user924@domain24.com,desktop,May,14.38013614691376
1,41.0,,45.0,basic,organic,US,3.0,5.0,user601@domain1.com,mobile,Mar,8.072864190910112
1,60.0,38000.0,400.0,basic,ads,US,1.0,2.5,user439@domain39.com,desktop,Jul,4.3105217774046185
1,48.0,,300.0,basic,referral,US,2.0,4.6,user837@domain37.com,,Jan,-5.141137626975489
1,31.0,76000.0,8.0,pro,,US,8.0,13.9,user570@domain20.com,desktop,Dec,1.1739077639548086
1,,,400.0,basic,ads,US,1.0,,user879@domain29.com,mobile,Apr,1.0406229620204321
1,41.0,39000.0,45.0,basic,organic,US,3.0,5.0,user261@domain11.com,,Oct,3.602531674468686
1,29.0,64000.0,9.0,,organic,GB,8.0,13.2,user578@domain28.com,mobile,Jun,13.747694031940059
1,70.57885609015021,,120.0,basic,ads,GB,,3.1,user23@domain23.com,mobile,Nov,12.39487526213349
0,31.0,,8.0,pro,ads,US,8.0,13.9,user30@domain30.com,mobile,Apr,10.308560185122605
1,48.0,,300.0,basic,referral,US,2.0,4.6,user617@domain17.com,mobile,Mar,-1.623037541520549
1,31.0,76000.0,8.0,pro,ads,US,8.0,,user10@domain10.com,mobile,Jun,13.062902018270496
1,,39000.0,,basic,organic,US,3.0,5.0,user221@domain21.com,mobile,Dec,-7.983068604717857
1,28.0,,3.0,pro,ads,US,7.0,12.5,user820@domain20.com,desktop,Jan,11.695670598761549
1,32.0,80000.0,7.0,pro,ads,CA,9.0,12.9,user296@domain46.com,desktop,Apr,19.729719765639086
1,36.0,90000.0,6.0,pro,referral,US,13.0,19.0,user54@domain4.com,desktop,Feb,18.991108091319237
1,,88000.0,1.0,pro,,CA,,,user542@domain42.com,mobile,Jul,10.919747495282376
1,29.0,,200.0,basic,referral,US,2.0,,user209@domain9.com,tablet,Aug,8.590881000826613
1,30.0,,2.0,pro,organic,US,9.0,16.0,user604@domain4.com,mobile,Dec,24.88797392953332
1,26.0,68000.0,3.0,pro,organic,US,11.0,17.0,user692@domain42.com,tablet,Jan,13.057991303956639
1,35.0,88000.0,1.0,,referral,CA,15.0,18.2,user662@domain12.com,smart_tv,Jan,19.214812690106516
1,27.0,70000.0,5.0,pro,referral,CA,,14.4,user866@domain16.com,mobile,Aug,
1,31.0,76000.0,8.0,pro,ads,US,8.0,,user70@domain20.com,mobile,May,-4.358965085204437
1,,31000.0,120.0,basic,ads,GB,1.0,3.1,user543@domain43.com,desktop,Apr,3.220499369238935
1,,,90.0,basic,,GB,4.0,,user107@domain7.com,smart_tv,Jul,8.145188062475563
1,52.0,40000.0,250.0,basic,ads,GB,2.0,4.0,user493@domain43.com,smart_tv,Nov,3.9791322782112664
1,31.0,76000.0,8.0,pro,ads,US,8.0,13.9,user590@domain40.com,mobile,Mar,12.988316358067433
1,41.0,39000.0,45.0,basic,organic,US,3.0,5.0,user741@domain41.com,desktop,Mar,
1,26.0,68000.0,3.0,pro,organic,US,11.0,17.0,user292@domain42.com,desktop,Sep,10.860840565385857
1,76.13232666455934,32000.0,200.0,basic,referral,US,2.0,4.1,user289@domain39.com,mobile,Jul,
0,,68000.0,3.0,pro,organic,US,11.0,17.0,user652@domain2.com,tablet,Sep,12.503502522054976
1,60.0,38000.0,400.0,basic,,US,1.0,,user39@domain39.com,tablet,Nov,8.708506475341283
1,29.0,32000.0,200.0,basic,referral,US,2.0,,user589@domain39.com,mobile,Dec,11.732016058139596
1,38.0,,90.0,basic,organic,GB,4.0,6.2,user307@domain7.com,wearable,May,3.9907781021758044
1,60.0,38000.0,400.0,basic,ads,US,1.0,,user679@domain29.com,tablet,Sep,12.777112546935301
1,27.0,70000.0,5.0,pro,referral,CA,12.0,14.4,user66@domain16.com,wearable,Feb,17.463105564738992
1,23.0,29000.0,140.0,basic,organic,US,1.0,3.2,user275@domain25.com,desktop,Oct,
1,38.0,50000.0,90.0,basic,organic,GB,4.0,6.2,user67@domain17.com,desktop,Oct,9.1049732655176
1,29.0,,,pro,organic,GB,8.0,13.2,user318@domain18.com,mobile,Feb,22.032652495367316
1,33.0,82000.0,,pro,ads,US,10.0,15.5,user548@domain48.com,desktop,Dec,14.83509515519456
1,11.956523527046407,64000.0,9.0,pro,organic,GB,308.61254370922734,13.2,user998@domain48.com,tablet,Feb,
0,36.0,90000.0,6.0,pro,referral,US,13.0,,user714@domain14.com,mobile,May,11.195960643570082
1,52.0,,2032.345568341225,basic,ads,GB,,4.0,user753@domain3.com,tablet,Oct,3.828780333471916
1,38.0,50000.0,90.0,basic,organic,GB,4.0,6.2,user327@domain27.com,mobile,Nov,1.784169105725712
1,35.0,88000.0,1.0,pro,referral,CA,15.0,18.2,user382@domain32.com,mobile,Nov,10.172805806155893
1,45.0,42000.0,365.0,basic,organic,CA,1.0,2.8,user451@domain1.com,,Sep,
1,35.0,88000.0,1.0,pro,referral,CA,15.0,18.2,user522@domain22.com,desktop,Dec,19.089265414581902
1,29.0,,,pro,organic,GB,8.0,13.2,user218@domain18.com,tablet,Aug,15.42978595916907
1,38.0,,90.0,basic,organic,GB,4.0,6.2,user787@domain37.com,mobile,Jul,9.402635758303157
1,32.0,80000.0,7.0,pro,,CA,9.0,12.9,user436@domain36.com,desktop,Mar,19.163971957627773
1,,,2.0,pro,organic,US,9.0,16.0,user764@domain14.com,mobile,Apr,15.319087996762994
0,89.61004402071343,82000.0,4.0,pro,ads,US,10.0,15.5,user88@domain38.com,mobile,Dec,12.086417204584734
1,22.0,31000.0,120.0,basic,ads,GB,1.0,3.1,user63@domain13.com,mobile,Nov,0.4274624819969377
1,27.0,,5.0,pro,referral,CA,12.0,14.4,user826@domain26.com,wearable,Jan,18.233032173172347
1,,80000.0,7.0,pro,ads,CA,9.0,12.9,user716@domain16.com,mobile,Apr,10.950717673929212
1,45.0,42000.0,365.0,basic,,CA,1.0,2.8,user351@domain1.com,desktop,Apr,1.599570652313216
1,32.0,80000.0,7.0,pro,ads,CA,9.0,12.9,user936@domain36.com,,Feb,17.544004452317623
1,32.0,,7.0,pro,ads,CA,9.0,12.9,user256@domain6.com,desktop,Apr,18.31949469954496
1,23.0,29000.0,486.18274620637993,basic,organic,US,1.0,3.2,user635@domain35.com,desktop,Feb,5.571676424012484
1,30.0,61000.0,,,,US,9.0,16.0,user644@domain44.com,desktop,Aug,9.35477115962421
0,36.0,90000.0,21.723078077790497,pro,referral,US,13.0,19.0,user554@domain4.com,mobile,Nov,13.338077286038768
1,,40433.78700364622,400.0,basic,ads,US,1.0,,user959@domain9.com,tablet,Nov,5.352911928639801
1,33.0,,4.0,pro,ads,US,,15.5,user168@domain18.com,desktop,Nov,
1,48.0,43000.0,300.0,basic,referral,US,2.0,4.6,user917@domain17.com,desktop,Jan,4.164591673760927
1,33.0,82000.0,,pro,ads,US,10.0,,user528@domain28.com,,Feb,13.917721668664015
1,22.0,,120.0,basic,ads,GB,1.0,3.1,user823@domain23.com,mobile,Feb,3.6597377610509425
1,55.0,45000.0,300.0,basic,ads,US,,4.5,user985@domain35.com,tablet,Feb,19.00774370519361
1,,80000.0,7.0,,ads,CA,9.0,,user816@domain16.com,mobile,Oct,8.926456161037597
1,27.0,70000.0,,pro,referral,CA,12.0,14.4,user86@domain36.com,mobile,Jan,24.85650646864874
1,,68000.0,3.0,pro,organic,US,11.0,17.0,user432@domain32.com,wearable,Jan,14.238753922258887
0,30.0,70045.0876894275,2.0,pro,organic,US,9.0,16.0,user184@domain34.com,mobile,Jan,13.858310598985824
0,29.0,64000.0,,pro,organic,GB,8.0,13.2,user978@domain28.com,,Sep,
1,,90000.0,6.0,pro,referral,US,13.0,19.0,user534@domain34.com,smart_tv,May,15.475997979148477
1,36.0,90000.0,6.0,pro,referral,US,13.0,19.0,user294@domain44.com,desktop,Jun,22.908573679641258
1,26.0,68000.0,3.0,pro,organic,US,11.0,17.0,user892@domain42.com,smart_tv,Jun,20.934914096375103
1,55.0,,,basic,ads,US,2.0,,user425@domain25.com,desktop,May,5.078362144774609
1,52.0,40000.0,250.0,basic,ads,GB,2.0,4.0,user713@domain13.com,mobile,Jan,3.0974265472817555
1,28.0,52000.0,3.0,,ads,US,7.0,12.5,user260@domain10.com,mobile,Mar,9.518765968709758
1,48.0,,,basic,referral,US,2.0,4.6,user237@domain37.com,wearable,Apr,3.8361215412489353
1,,38000.0,400.0,basic,ads,US,1.0,2.5,user559@domain9.com,desktop,Jul,-3.542739883954342
1,22.0,31000.0,120.0,basic,ads,GB,1.0,3.1,user583@domain33.com,desktop,Mar,4.0520233714826155
1,55.0,45000.0,300.0,basic,ads,US,2.0,4.5,user445@domain45.com,desktop,Jul,-3.5603872988726497
1,38.0,538008.9513291614,90.0,basic,organic,GB,4.0,6.2,user867@domain17.com,wearable,Jan,4.244891897091128
1,28.0,52000.0,3.0,pro,ads,US,7.0,,user800@domain0.com,mobile,May,11.911316137147942
1,60.0,38000.0,400.0,basic,ads,US,1.0,2.5,user599@domain49.com,desktop,Nov,-7.655270204922924
1,29.0,32000.0,200.0,,referral,US,,4.1,user849@domain49.com,mobile,Nov,6.572658001509299
1,,45000.0,300.0,basic,ads,US,2.0,4.5,user265@domain15.com,desktop,Apr,
1,23.0,29000.0,,basic,organic,US,1.0,,user995@domain45.com,desktop,Jun,9.451529311739359
1,9.739285321602114,32000.0,200.0,basic,referral,US,2.0,4.1,user529@domain29.com,desktop,May,5.939208231662046
1,23.0,,140.0,basic,,US,1.0,,user55@domain5.com,smart_tv,Sep,
1,28.0,52000.0,3.0,pro,,US,7.0,12.5,user120@domain20.com,tablet,Dec,8.184451071167725
1,77.58291713642541,29000.0,,basic,organic,US,1.0,3.2,user215@domain15.com,desktop,Jan,4.869305983079572
1,55.0,45000.0,300.0,basic,ads,US,2.0,4.5,user25@domain25.com,mobile,Apr,0.9672415409422612
1,,68000.0,3.0,pro,organic,US,11.0,17.0,user72@domain22.com,desktop,Sep,15.965623732132181
1,,178724.2775253067,2.0,,organic,US,,16.0,user44@domain44.com,mobile,Oct,10.992389012141679
1,,,90.0,basic,organic,GB,4.0,6.2,user247@domain47.com,mobile,Jul,2.126254817039263
1,41.0,39000.0,45.0,basic,organic,US,3.0,5.0,user721@domain21.com,desktop,Jan,10.18477830740647
1,41.0,,45.0,basic,organic,US,3.0,5.0,user281@domain31.com,tablet,Sep,8.28424598535273
1,154.1552981989621,40000.0,250.0,basic,ads,GB,2.0,4.0,user893@domain43.com,,Apr,-3.5898281112239325
1,36.0,90000.0,6.0,pro,referral,US,13.0,19.0,user914@domain14.com,mobile,Apr,22.68385168317069
1,31.0,76000.0,8.0,pro,ads,US,8.0,13.9,user810@domain10.com,tablet,Jan,8.989691819622436
1,,61000.0,2.0,pro,organic,US,9.0,16.0,user244@domain44.com,,Oct,18.092901344149404
1,35.0,88000.0,1.0,pro,referral,CA,15.0,18.2,user822@domain22.com,tablet,Sep,19.250205105001353
1,,39000.0,,basic,organic,US,3.0,5.0,user321@domain21.com,mobile,Aug,15.357515408298683
1,22.0,31000.0,120.0,basic,,GB,1.0,3.1,user643@domain43.com,,Feb,6.133012939757435
1,29.0,64000.0,9.0,pro,organic,GB,8.0,13.2,user158@domain8.com,,Dec,11.998363647384453
1,48.0,,300.0,,referral,US,2.0,4.6,user977@domain27.com,mobile,Jul,-0.11521255725540636
1,29.0,,200.0,basic,referral,US,2.0,4.1,user429@domain29.com,mobile,Mar,6.297181622879816
1,41.0,39000.0,45.0,basic,organic,US,3.0,,user941@domain41.com,mobile,Aug,7.454345577795651
1,35.0,,1.0,pro,referral,CA,15.0,18.2,user462@domain12.com,tablet,Jul,16.896665430360592
1,29.0,32000.0,200.0,basic,,US,2.0,4.1,user309@domain9.com,mobile,Aug,-1.458791121678635
1,48.0,43000.0,300.0,basic,referral,US,,4.6,user697@domain47.com,mobile,Feb,6.982048818584094
1,28.0,52000.0,3.0,pro,,US,7.0,12.5,user60@domain10.com,desktop,Dec,8.699641038494025
1,30.0,559814.1579391666,2.0,,,US,9.0,16.0,user884@domain34.com,mobile,Mar,14.310686704827217
1,23.0,,140.0,basic,organic,US,1.0,3.2,user595@domain45.com,mobile,Feb,-3.4594549175860494
1,38.0,50000.0,90.0,basic,organic,GB,4.0,6.2,user767@domain17.com,smart_tv,May,-5.787628116459072
1,29.0,32000.0,200.0,basic,referral,US,2.0,4.1,user649@domain49.com,mobile,Mar,-1.8071336522811974
1,31.0,76000.0,8.0,pro,ads,US,8.0,1.8091783706657427,user650@domain0.com,wearable,Mar,6.256687268161098
1,,45000.0,300.0,basic,ads,US,2.0,4.5,user865@domain15.com,tablet,Dec,3.413642381397615
1,33.0,,4.0,,ads,US,,15.5,user668@domain18.com,desktop,Jan,2.967151600076468
1,29.0,,9.0,,organic,GB,8.0,13.2,user298@domain48.com,,Apr,8.216696764671344
1,29.0,,200.0,basic,referral,US,2.0,4.1,user689@domain39.com,,Nov,5.254383671893255
1,107.06134174084806,90000.0,6.0,pro,referral,US,13.0,19.0,user314@domain14.com,desktop,Sep,20.528943207944337
1,,76000.0,8.0,,ads,US,8.0,13.9,user310@domain10.com,desktop,Mar,9.562832421265275
1,41.0,39000.0,45.0,basic,organic,US,3.0,,user361@domain11.com,tablet,Dec,
1,60.0,,400.0,basic,ads,US,1.0,2.5,user479@domain29.com,mobile,Aug,0.7168695750786784
1,31.0,76000.0,8.0,pro,ads,US,8.0,,user110@domain10.com,desktop,Jun,20.98758981717136
1,29.0,32000.0,200.0,basic,referral,US,2.0,4.1,user989@domain39.com,mobile,Feb,2.1603439066652594
1,27.0,70000.0,,pro,,CA,12.0,14.4,user486@domain36.com,desktop,Jan,8.309166020593928
1,22.0,,120.0,basic,ads,GB,1.0,3.1,user363@domain13.com,desktop,Mar,9.902661403025078
0,36.0,90000.0,6.0,pro,referral,US,13.0,19.0,user254@domain4.com,mobile,Sep,18.310967688939684
1,60.0,38000.0,400.0,basic,ads,US,1.0,,user259@domain9.com,mobile,Feb,12.363838963731517
1,35.0,,1.0,,referral,CA,15.0,18.2,user802@domain2.com,smart_tv,Dec,14.73693507249306
1,48.0,9163.62272451597,300.0,,referral,US,2.0,,user677@domain27.com,,Jan,10.154780078843036
1,36.0,90000.0,6.0,,referral,US,13.0,19.0,user494@domain44.com,desktop,Oct,17.693252053522414
1,31.0,,8.0,pro,ads,US,8.0,13.9,user670@domain20.com,mobile,Apr,11.680080205667217
1,48.0,43000.0,,basic,referral,US,2.0,4.6,user377@domain27.com,wearable,Sep,
1,27.0,70000.0,5.0,pro,referral,CA,12.0,14.4,user526@domain26.com,mobile,Oct,8.215375792637822
1,55.0,45000.0,300.0,,ads,US,2.0,4.5,user845@domain45.com,wearable,Aug,4.13277616721581
1,48.0,43000.0,300.0,basic,,US,2.0,4.6,user137@domain37.com,smart_tv,May,-6.539561479947942
1,23.0,,140.0,basic,organic,US,1.0,,user355@domain5.com,desktop,Sep,4.149850230053826
1,55.0,82158.27959623012,300.0,basic,ads,US,2.0,31.429729949603193,user365@domain15.com,mobile,May,17.45162306477231
1,35.0,88000.0,1.0,pro,referral,CA,15.0,,user942@domain42.com,mobile,Sep,
1,29.0,32000.0,200.0,basic,referral,US,2.0,4.1,user749@domain49.com,,Aug,
1,33.0,,15.983332908711732,pro,ads,US,10.0,15.5,user948@domain48.com,desktop,Aug,5.835772526909922
1,29.0,32000.0,200.0,basic,,US,2.0,3.190758060437933,user829@domain29.com,desktop,Apr,-1.655896657163733
1,32.0,80000.0,7.0,pro,ads,CA,9.0,12.9,user656@domain6.com,mobile,Jan,8.642425212570982
1,60.0,38000.0,400.0,basic,ads,US,1.0,,user199@domain49.com,tablet,Feb,2.160101884624564
1,,40000.0,250.0,basic,ads,GB,2.0,4.0,user213@domain13.com,desktop,Oct,
0,33.0,,4.0,pro,ads,US,10.0,15.5,user408@domain8.com,mobile,Sep,16.307045420427755
1,26.0,75612.0361465723,3.0,pro,,US,11.0,17.0,user332@domain32.com,smart_tv,Mar,
1,33.0,82000.0,4.0,pro,,US,10.0,15.5,user208@domain8.com,mobile,Mar,11.001205307192283
1,52.0,,250.0,basic,ads,GB,2.0,,user613@domain13.com,mobile,Oct,15.052083332614842
0,29.0,64000.0,9.0,pro,,GB,392.8649075685653,13.2,user78@domain28.com,desktop,Mar,129.08482721827292
1,29.0,32000.0,200.0,basic,referral,US,2.0,4.1,user29@domain29.com,desktop,Nov,16.70682843683524
1,23.0,29000.0,140.0,basic,organic,US,1.0,3.2,user535@domain35.com,mobile,May,4.348954458312399
1,23.0,29000.0,,basic,organic,US,34.38388839254017,3.2,user695@domain45.com,,Oct,
1,48.0,,300.0,basic,referral,US,2.0,4.6,user557@domain7.com,mobile,Dec,10.276181113006952
1,32.0,80000.0,7.0,pro,,CA,9.0,12.9,user836@domain36.com,mobile,Feb,10.59134966670337
1,32.0,80000.0,7.0,pro,ads,CA,9.0,12.9,user596@domain46.com,mobile,Nov,
1,55.0,45000.0,300.0,basic,ads,US,2.0,4.5,user165@domain15.com,tablet,Dec,7.878218731903651
1,29.0,64000.0,9.0,,organic,GB,8.0,13.2,user918@domain18.com,wearable,Dec,8.716785811942898
1,23.0,,140.0,basic,organic,US,1.0,7.2808167801383,user495@domain45.com,desktop,Dec,0.7586096071577746
1,30.0,,2.0,pro,organic,US,9.0,16.0,user824@domain24.com,desktop,Sep,6.035257963693042
1,55.0,45000.0,300.0,basic,ads,US,2.0,4.5,user65@domain15.com,mobile,May,15.03659360353083
1,41.0,39000.0,45.0,basic,organic,US,3.0,4.4530186030859085,user141@domain41.com,,May,6.076909607741129
1,55.0,45000.0,300.0,basic,ads,US,2.0,4.5,user925@domain25.com,tablet,Sep,9.921533829686535
1,38.0,,90.0,basic,,GB,4.0,,user827@domain27.com,desktop,Jul,19.451451561121146
1,23.0,29000.0,140.0,basic,organic,US,1.0,3.2,user655@domain5.com,mobile,May,-4.5659036529107055
1,65.49472065518658,,365.0,basic,organic,CA,1.0,2.8,user331@domain31.com,desktop,Sep,-5.597945031921885
1,30.0,61000.0,2.0,pro,,US,9.0,16.0,user664@domain14.com,smart_tv,Jan,16.341778275032986
1,,32000.0,200.0,basic,referral,US,2.0,4.1,user249@domain49.com,mobile,Dec,
1,38.0,,90.0,basic,organic,GB,4.0,6.2,user907@domain7.com,wearable,Mar,4.494275834642567
0,33.0,82000.0,4.0,pro,ads,US,10.0,,user708@domain8.com,desktop,Feb,1.6980419122013757
1,55.0,612553.6650227455,300.0,basic,ads,US,2.0,4.5,user305@domain5.com,mobile,Apr,7.194425253188505
1,36.0,,6.0,pro,referral,US,13.0,19.0,user734@domain34.com,desktop,Jan,15.264360812614227
1,23.0,29000.0,140.0,basic,organic,US,1.0,3.2,user975@domain25.com,smart_tv,Aug,1.7977621617488944
1,29.0,32000.0,200.0,basic,referral,US,,,user49@domain49.com,,Sep,4.304452834606103
1,32.0,80000.0,42.72254015241466,pro,ads,CA,9.0,12.9,user896@domain46.com,desktop,Nov,
1,35.0,88000.0,1.0,pro,referral,CA,15.0,18.2,user2@domain2.com,,Nov,24.243614935285315
1,30.0,61000.0,2.0,,,US,9.0,16.0,user544@domain44.com,mobile,Jun,11.871991950189585
0,31.0,9002.78407016943,8.0,pro,ads,US,8.0,13.9,user350@domain0.com,desktop,Jun,
1,,,2.0,,organic,US,9.0,16.0,user904@domain4.com,mobile,Jul,16.04573254519912
1,32.0,80000.0,7.0,,,CA,9.0,12.9,user536@domain36.com,smart_tv,Aug,10.81863241227342
1,30.0,61000.0,2.0,pro,organic,US,9.0,16.0,user344@domain44.com,mobile,Apr,21.925790592627102
1,36.0,90000.0,6.0,,referral,US,,19.0,user994@domain44.com,mobile,Jul,15.683080881100958
1,41.0,39000.0,45.0,basic,organic,US,3.0,,user481@domain31.com,tablet,Mar,
1,23.0,29000.0,140.0,basic,,US,1.0,3.2,user575@domain25.com,desktop,Nov,-1.3760655950078617
1,52.0,6645.690640878918,250.0,basic,ads,GB,2.0,4.0,user33@domain33.com,,May,-6.30079692629417
1,45.0,,365.0,basic,organic,CA,39.41042237186892,2.8,user31@domain31.com,mobile,Feb,7.328975506811115
1,45.0,42000.0,365.0,basic,organic,CA,1.0,2.8,user231@domain31.com,mobile,Jan,12.605944924285241
1,22.0,31000.0,120.0,basic,ads,GB,1.0,,user963@domain13.com,smart_tv,Dec,10.917509610445496
1,26.0,68000.0,3.0,pro,organic,US,,17.0,user192@domain42.com,mobile,Sep,16.586667106277805
1,52.0,,,,ads,GB,2.0,4.0,user333@domain33.com,desktop,Sep,4.041720865613619
1,22.0,31000.0,120.0,basic,ads,GB,1.0,3.1,user3@domain3.com,tablet,Feb,2.212359106281946
1,30.0,,2.0,pro,organic,US,9.0,16.0,user204@domain4.com,desktop,Jun,16.456233370126974
0,102.46759878470085,,6.0,pro,referral,US,13.0,19.0,user514@domain14.com,mobile,Oct,19.58756847481494
1,60.0,38000.0,400.0,basic,ads,US,1.0,2.5,user799@domain49.com,mobile,Feb,9.630121941972181
1,,70000.0,5.0,pro,,CA,12.0,31.931287717333976,user306@domain6.com,mobile,Dec,22.566689412948087
1,29.0,,,basic,referral,US,2.0,0.41339657985033984,user109@domain9.com,smart_tv,Apr,-8.009350758593593
1,,76000.0,8.0,,ads,US,8.0,13.9,user430@domain30.com,mobile,May,15.849335454963526
1,48.0,270547.13371845946,,basic,,US,2.0,,user77@domain27.com,mobile,Jan,
0,30.0,61000.0,2.0,pro,organic,US,9.0,,user84@domain34.com,wearable,May,17.501798233359644
1,27.0,70000.0,,,referral,CA,12.0,14.4,user286@domain36.com,mobile,Dec,
0,35.0,88000.0,1.0,pro,referral,CA,15.0,,user82@domain32.com,,Nov,19.14148552132212
0,45.0,,365.0,basic,organic,CA,1.0,2.8,user991@domain41.com,mobile,Jul,0.4846415249230376
0,29.0,32000.0,200.0,basic,referral,US,,4.1,user789@domain39.com,desktop,Feb,7.562720157361037
0,36.0,,,,referral,US,13.0,19.0,user894@domain44.com,desktop,Jan,22.23111481079651
0,29.0,64000.0,9.0,pro,organic,GB,8.0,13.2,user398@domain48.com,mobile,Sep,10.966642683687178
0,22.0,,,basic,ads,GB,,3.1,user323@domain23.com,mobile,Apr,13.065760355978883
0,60.0,38000.0,400.0,,ads,US,1.0,2.5,user519@domain19.com,mobile,Sep,-0.6613082120529805
0,32.0,80000.0,7.0,pro,ads,CA,9.0,12.9,user916@domain16.com,,Oct,
0,35.0,,1.0,pro,referral,CA,15.0,18.2,user922@domain22.com,desktop,Nov,15.483495401892606
1,55.0,45000.0,,basic,,US,2.0,4.5,user5@domain5.com,wearable,May,9.547182585441464
0,,,365.0,basic,organic,CA,1.0,2.8,user731@domain31.com,desktop,Oct,-0.2787936864460283
1,55.0,45000.0,300.0,basic,ads,US,2.0,4.5,user465@domain15.com,mobile,Feb,
1,,43000.0,300.0,basic,referral,US,2.0,6.335319790733387,user97@domain47.com,,Feb,4.86608391067756
0,,70000.0,5.0,pro,referral,CA,12.0,14.4,user266@domain16.com,smart_tv,Apr,12.116519085366187
0,48.0,43000.0,300.0,,referral,US,2.0,4.6,user357@domain7.com,desktop,Jul,-0.42155830950273243
0,33.0,82000.0,4.0,,ads,US,10.0,15.5,user868@domain18.com,smart_tv,Jul,14.202591995913254
0,29.0,64000.0,9.0,pro,organic,GB,8.0,13.2,user798@domain48.com,wearable,Oct,2.8719594616744324
0,28.0,52000.0,3.0,pro,ads,US,7.0,12.5,user380@domain30.com,mobile,May,16.946361102848655
0,45.0,42000.0,365.0,,organic,CA,1.0,2.8,user631@domain31.com,desktop,May,-0.9657066356515358
1,,,,basic,organic,US,32.94239559417478,,user381@domain31.com,desktop,Aug,26.04831580134722
0,31.0,76000.0,8.0,pro,ads,US,8.0,,user490@domain40.com,tablet,Apr,14.920855857299351
0,,64000.0,9.0,pro,,GB,8.0,13.2,user118@domain18.com,desktop,May,10.053989543828775
0,28.0,,3.0,pro,ads,US,7.0,,user900@domain0.com,mobile,Jun,13.144621135037768
0,31.0,76000.0,8.0,pro,ads,US,8.0,13.9,user250@domain0.com,mobile,Oct,4.843452125251022
0,22.0,31000.0,120.0,basic,ads,GB,1.0,3.1,user523@domain23.com,desktop,Mar,
0,29.0,,200.0,basic,,US,2.0,,user9@domain9.com,smart_tv,Sep,8.854807090162126
0,32.0,80000.0,7.0,pro,ads,CA,9.0,,user196@domain46.com,tablet,May,11.442872586682928
0,22.0,31000.0,120.0,basic,ads,GB,1.0,3.1,user603@domain3.com,desktop,Dec,
0,,285740.5189018762,45.0,,organic,US,3.0,5.0,user81@domain31.com,mobile,Dec,0.27643401958634684
0,22.0,,120.0,basic,,GB,1.0,3.1,user783@domain33.com,desktop,Sep,0.5821735894627684
0,38.0,50000.0,90.0,,,GB,4.0,,user587@domain37.com,mobile,Apr,1.2759268868876923
0,48.0,43000.0,,basic,referral,US,2.0,4.6,user797@domain47.com,tablet,Dec,7.517450340617977
0,,38000.0,400.0,basic,ads,US,1.0,2.5,user239@domain39.com,mobile,Sep,-3.3962403562926298
0,31.0,76000.0,8.0,pro,ads,US,8.0,13.9,user290@domain40.com,mobile,May,11.718912209542212
1,45.0,42000.0,365.0,basic,,CA,1.0,2.8,user211@domain11.com,smart_tv,Oct,3.9304036290435076
0,,43000.0,942.5020635099589,basic,referral,US,2.0,4.6,user717@domain17.com,desktop,Jan,13.378061420831465
0,,38000.0,,basic,ads,US,1.0,2.5,user359@domain9.com,mobile,Oct,4.51220859761348
0,29.0,,200.0,basic,referral,US,2.0,,user449@domain49.com,mobile,Dec,0.7262043164994267
0,38.0,50000.0,,basic,organic,GB,119.09699508745052,6.2,user227@domain27.com,tablet,Feb,37.96818930929138
0,,76000.0,8.0,,ads,US,8.0,13.9,user950@domain0.com,desktop,Jul,
0,27.0,70000.0,5.0,pro,referral,CA,12.0,14.4,user946@domain46.com,mobile,Jun,15.472487683052485
0,32.0,80000.0,7.0,pro,ads,CA,,12.9,user796@domain46.com,tablet,May,14.950486034475508
0,41.0,,45.0,,,US,3.0,5.0,user501@domain1.com,desktop,Jun,3.1988331379699426
0,30.0,61000.0,2.0,pro,organic,US,9.0,16.0,user464@domain14.com,mobile,Dec,15.918353092313462
0,35.0,88000.0,,pro,referral,CA,15.0,,user362@domain12.com,tablet,Oct,13.568416245826935
0,33.0,,4.0,pro,ads,US,10.0,,user468@domain18.com,desktop,Sep,1.1887241561473019
0,,,140.0,,organic,US,1.0,3.2,user935@domain35.com,desktop,Aug,-3.245438183997162
0,33.0,82000.0,4.0,pro,ads,US,10.0,15.5,user428@domain28.com,tablet,Jan,15.476683109075875
0,38.0,,90.0,basic,organic,GB,181.8946804768704,6.2,user7@domain7.com,wearable,Aug,61.769956698214614
1,,29000.0,140.0,basic,organic,US,1.0,3.2,user155@domain5.com,tablet,Mar,-4.8144066306463476
0,41.0,39000.0,382.26757008510776,basic,organic,US,3.0,5.0,user541@domain41.com,mobile,Oct,0.07331072302110808
0,28.0,52000.0,3.0,pro,,US,7.0,,user440@domain40.com,mobile,Dec,14.07200423472548
0,35.0,88000.0,1.0,pro,referral,CA,,18.2,user482@domain32.com,mobile,Jul,18.207934059851237
0,35.0,88000.0,1.0,pro,referral,CA,,18.2,user422@domain22.com,,Jul,20.77896492814057
0,29.0,64000.0,9.0,pro,,GB,8.0,13.2,user778@domain28.com,mobile,May,13.355349716724968
0,,,200.0,basic,referral,US,2.0,4.1,user949@domain49.com,tablet,Dec,-4.5003878599176295
0,36.0,90000.0,6.0,pro,referral,US,13.0,19.0,user334@domain34.com,,Dec,17.093646346659536
0,32.0,,7.0,pro,ads,CA,9.0,12.9,user576@domain26.com,smart_tv,Jan,12.563957652559074
0,,90000.0,6.0,pro,referral,US,13.0,19.0,user934@domain34.com,wearable,May,11.989433308941592
0,,,90.0,basic,organic,GB,4.0,6.2,user567@domain17.com,smart_tv,Jan,-1.4279903067598214
0,36.0,25635.714940001515,54.2037649671445,pro,referral,US,13.0,19.0,user594@domain44.com,mobile,Aug,18.84821877241018
0,31.0,76000.0,8.0,pro,ads,US,8.0,13.9,user530@domain30.com,,Aug,20.48819796560295
0,41.0,39000.0,45.0,basic,organic,US,124.42995800519968,5.0,user581@domain31.com,desktop,Jan,49.964122289309515
0,38.0,,90.0,basic,organic,GB,4.0,6.2,user707@domain7.com,desktop,Dec,-8.736106866909967
0,,,4.0,pro,ads,US,10.0,15.5,user448@domain48.com,smart_tv,Jun,
0,52.0,40000.0,,basic,ads,GB,2.0,4.0,user453@domain3.com,desktop,Jul,9.632837658205126
0,33.0,82000.0,4.0,pro,ads,US,10.0,15.5,user228@domain28.com,mobile,Jul,10.323428183262962
0,26.0,,3.0,pro,organic,US,11.0,17.0,user352@domain2.com,tablet,Dec,14.208691313468387
0,33.0,82000.0,4.0,pro,ads,US,10.0,15.5,user728@domain28.com,mobile,Aug,5.676611482891619
0,26.0,68000.0,,,organic,US,11.0,,user212@domain12.com,tablet,Aug,16.622762838439705
0,60.0,38000.0,400.0,basic,ads,US,11.266880384412188,,user79@domain29.com,smart_tv,Mar,9.649976614640863
0,33.0,82000.0,4.0,pro,,US,10.0,281.0352276070307,user148@domain48.com,,Aug,202.86887024802232
0,35.0,88000.0,,pro,referral,CA,15.0,18.2,user302@domain2.com,,May,17.29495843547544
0,33.0,82000.0,4.0,pro,ads,US,10.0,15.5,user628@domain28.com,mobile,Aug,23.395433047378198
0,48.0,43000.0,300.0,basic,referral,US,2.0,4.6,user777@domain27.com,desktop,Jul,0.20283118292947
0,27.0,70000.0,5.0,,referral,CA,12.0,14.4,user506@domain6.com,desktop,Jul,17.723443959783637
0,35.0,88000.0,1.0,,,CA,15.0,18.2,user342@domain42.com,desktop,Feb,
0,55.0,45000.0,300.0,basic,,US,2.0,4.5,user485@domain35.com,desktop,Feb,-4.278626590027967
0,45.0,26817.497651030128,365.0,basic,organic,CA,1.0,2.8,user711@domain11.com,tablet,Nov,4.396235022700482
0,,40000.0,250.0,basic,ads,GB,2.0,4.0,user133@domain33.com,wearable,Mar,
0,22.0,31000.0,120.0,basic,ads,GB,1.0,3.1,user703@domain3.com,mobile,Nov,-10.110174712407488
0,,42000.0,,basic,organic,CA,1.0,2.8,user311@domain11.com,desktop,Apr,6.394604383545718
0,35.0,,1.0,,referral,CA,15.0,18.2,user722@domain22.com,mobile,Jan,20.24272680917931
0,,32000.0,200.0,basic,referral,US,2.0,4.1,user629@domain29.com,desktop,Jan,8.360422293171439
0,28.0,,3.0,pro,ads,US,7.0,12.5,user0@domain0.com,tablet,Mar,4.488160382694418
0,32.0,80000.0,,pro,,CA,9.0,12.9,user316@domain16.com,mobile,Mar,7.377470437435871
0,27.0,70000.0,5.0,pro,referral,CA,12.0,14.4,user706@domain6.com,tablet,Nov,15.142850180759593
0,,50000.0,90.0,basic,,GB,4.0,6.2,user547@domain47.com,desktop,Apr,13.55089994715033
0,,68000.0,3.0,pro,organic,US,11.0,17.0,user872@domain22.com,tablet,May,19.65117275744045
0,26.0,68000.0,3.0,pro,,US,11.0,17.0,user532@domain32.com,mobile,Jul,19.695568037823396
0,48.0,43000.0,300.0,basic,referral,US,2.0,24.969127438129423,user477@domain27.com,smart_tv,Jan,
0,30.0,61000.0,,pro,organic,US,9.0,16.0,user404@domain4.com,mobile,Sep,3.965205543889235
0,26.0,68000.0,3.0,pro,organic,US,11.0,17.0,user172@domain22.com,desktop,Jun,20.730084329557204
0,,45000.0,300.0,basic,ads,US,2.0,4.5,user125@domain25.com,,Oct,7.187846285902253
0,36.0,90000.0,6.0,pro,referral,US,13.0,19.0,user394@domain44.com,desktop,Mar,16.523786474818834
0,28.0,,,,ads,US,7.0,,user420@domain20.com,desktop,Sep,16.53668185492002
0,26.0,68000.0,3.0,pro,organic,US,,,user552@domain2.com,wearable,Nov,
0,22.0,31000.0,120.0,basic,ads,GB,1.0,,user903@domain3.com,mobile,Nov,7.2335243566541205
0,31.0,,8.0,pro,,US,8.0,13.9,user90@domain40.com,desktop,Feb,6.310208130866948
0,60.0,38000.0,,basic,ads,US,1.0,2.5,user939@domain39.com,wearable,May,6.404231263303488
0,41.0,39000.0,45.0,basic,organic,US,3.0,5.0,user181@domain31.com,tablet,Jan,0.14906770105695255
0,36.0,,25.897925556874956,pro,referral,US,13.0,19.0,user274@domain24.com,tablet,Nov,10.676466818849754
1,23.0,,140.0,basic,,US,1.0,3.2,user895@domain45.com,mobile,Mar,8.731970585607144
1,29.0,32000.0,200.0,basic,referral,US,2.0,4.1,user69@domain19.com,desktop,Aug,2.0681340819272123
0,45.0,,365.0,basic,organic,CA,1.0,2.8,user291@domain41.com,mobile,Mar,7.9616963696148275
0,45.0,42000.0,365.0,basic,organic,CA,1.0,2.8,user131@domain31.com,desktop,Dec,-4.278666490907561
0,28.0,52000.0,,pro,ads,US,7.0,12.5,user300@domain0.com,mobile,Apr,-0.10595089315400763
0,,61000.0,2.0,pro,,US,9.0,16.0,user424@domain24.com,mobile,Jul,18.58240008866008
0,27.0,70000.0,5.0,pro,referral,CA,12.0,14.4,user326@domain26.com,mobile,Sep,21.32357262702717
0,30.0,61000.0,2.0,pro,organic,US,9.0,16.0,user144@domain44.com,wearable,May,10.435030659528742
0,22.0,,120.0,basic,ads,GB,1.0,1.7297587688361071,user423@domain23.com,,Apr,1.4945153609006965
0,,683072.9714519669,3.0,pro,ads,US,7.0,12.5,user580@domain30.com,desktop,Oct,12.415175929810635
0,23.0,,140.0,basic,organic,US,1.0,3.2,user135@domain35.com,desktop,May,-0.767092379836892
0,,76000.0,8.0,pro,ads,US,8.0,13.9,user450@domain0.com,mobile,Mar,10.330923611799813
0,,61000.0,2.0,pro,organic,US,9.0,16.0,user164@domain14.com,smart_tv,Apr,13.245084998767233
0,33.0,,4.0,pro,ads,US,10.0,15.5,user28@domain28.com,tablet,Mar,14.128928812222709
0,52.0,40000.0,,basic,ads,GB,2.0,4.0,user773@domain23.com,mobile,Jan,
0,52.0,40000.0,250.0,basic,ads,GB,2.0,4.0,user193@domain43.com,tablet,Apr,
0,33.0,,4.0,pro,ads,US,10.0,15.5,user388@domain38.com,mobile,Jun,4.340174956863459
0,26.0,,,pro,organic,US,11.0,,user852@domain2.com,mobile,Aug,10.51957600764248
0,29.0,32000.0,200.0,,referral,US,2.0,4.1,user169@domain19.com,desktop,Jun,7.053431896547064
0,55.0,45000.0,300.0,basic,ads,US,,4.5,user705@domain5.com,wearable,Sep,4.65566703291877
0,28.0,52000.0,24.95403038772288,pro,ads,US,7.0,12.5,user140@domain40.com,mobile,Apr,13.515415095073891
0,,40000.0,,basic,ads,GB,2.0,4.0,user173@domain23.com,mobile,Sep,
0,32.662090397014694,,39.46110396962051,pro,referral,CA,,14.4,user6@domain6.com,desktop,Jan,15.718495001759196
0,,45000.0,,basic,ads,US,2.0,4.5,user745@domain45.com,mobile,Dec,-4.3517395199593185
0,29.0,64000.0,75.67865112153652,pro,organic,GB,8.0,13.2,user478@domain28.com,mobile,Mar,26.045659169173923
0,52.0,40000.0,250.0,basic,ads,GB,2.0,4.0,user73@domain23.com,tablet,Nov,-2.23784138504918
0,106.17723796744606,76000.0,8.0,pro,ads,US,8.0,13.9,user910@domain10.com,desktop,Oct,9.715901857459267
0,52.0,40000.0,250.0,basic,,GB,2.0,4.0,user813@domain13.com,,Nov,-12.414440265247354
0,29.0,64000.0,,pro,organic,GB,8.0,,user238@domain38.com,mobile,Jun,10.07743137465666
0,55.0,45000.0,300.0,basic,ads,US,2.0,4.5,user145@domain45.com,mobile,Apr,11.242985726145111
0,26.0,68000.0,,pro,organic,US,11.0,17.0,user792@domain42.com,wearable,Jan,11.861597454743311
0,36.0,90000.0,6.0,pro,referral,US,13.0,19.0,user234@domain34.com,mobile,Jun,19.768647973930506
0,28.0,52000.0,3.0,pro,ads,US,7.0,12.5,user220@domain20.com,mobile,May,7.8547076471124555
1,,31000.0,120.0,basic,ads,GB,1.0,3.1,user923@domain23.com,wearable,May,-3.7107628306237697
0,28.0,,3.0,pro,ads,US,7.0,161.55435743283232,user500@domain0.com,mobile,Dec,107.60462870303554
0,26.0,,3.0,pro,organic,US,,17.0,user132@domain32.com,mobile,Mar,14.757353339844816
0,31.0,76000.0,,pro,,US,8.0,,user990@domain40.com,mobile,Oct,9.278528522976847
0,36.0,90000.0,6.0,,referral,US,13.0,19.0,user774@domain24.com,mobile,Mar,21.97928621842449
0,55.0,,300.0,basic,ads,US,2.0,,user185@domain35.com,mobile,Feb,16.464529028389677
1,,39000.0,45.0,basic,organic,US,3.0,5.0,user41@domain41.com,mobile,Feb,9.14752580995627
0,32.0,80000.0,7.0,pro,ads,CA,9.0,12.9,user696@domain46.com,desktop,Oct,8.240978013373963
0,33.0,82000.0,4.0,pro,ads,US,10.0,15.5,user108@domain8.com,mobile,Aug,8.652600997523521
0,33.0,82000.0,,pro,ads,US,10.0,15.5,user588@domain38.com,smart_tv,Dec,10.762350231506083
0,32.0,,7.0,,ads,CA,9.0,12.9,user56@domain6.com,mobile,Mar,12.84485498176517
0,55.0,45000.0,,basic,ads,US,2.0,4.5,user405@domain5.com,smart_tv,Apr,4.458191830828937
0,35.0,88000.0,1.0,pro,referral,CA,15.0,18.2,user442@domain42.com,mobile,Mar,13.620926859654606
1,48.0,43000.0,300.0,basic,referral,US,2.0,4.6,user757@domain7.com,desktop,Jun,7.206665603253536
0,48.0,,300.0,basic,referral,US,2.0,,user997@domain47.com,desktop,Apr,26.838974424938776
0,,61000.0,2.0,pro,,US,9.0,16.0,user24@domain24.com,desktop,Feb,11.957870405424618
0,,50000.0,,basic,organic,GB,4.0,,user467@domain17.com,mobile,Aug,13.707212832206377
0,60.0,38000.0,400.0,basic,ads,US,1.0,2.5,user539@domain39.com,,Mar,-0.9398778859325558
0,45.0,42000.0,365.0,basic,organic,CA,1.0,2.8,user531@domain31.com,mobile,Oct,-2.267793779208856
0,29.0,,9.0,pro,organic,GB,8.0,13.2,user618@domain18.com,tablet,Mar,11.451762046850492
0,41.290605972820586,90000.0,6.0,pro,referral,US,13.0,19.0,user694@domain44.com,mobile,Mar,14.594824906123774
0,27.0,81853.76243365937,5.0,,referral,CA,12.0,14.4,user926@domain26.com,tablet,Sep,
0,29.0,140231.90301662678,9.0,pro,,GB,8.0,13.2,user338@domain38.com,desktop,Jan,18.426158314514026
0,,42000.0,365.0,basic,organic,CA,1.0,2.8,user51@domain1.com,tablet,Oct,4.304973618598289
0,38.0,50000.0,90.0,basic,organic,GB,4.0,6.2,user507@domain7.com,desktop,Aug,5.0094762552799725
0,32.0,,7.0,pro,ads,CA,9.0,12.9,user516@domain16.com,mobile,Sep,8.77690533354788
0,28.0,52000.0,3.0,pro,ads,US,,,user920@domain20.com,desktop,Mar,7.563368711340342
0,,39000.0,45.0,basic,organic,US,3.0,5.0,user781@domain31.com,mobile,Apr,8.841234850656083
0,,631022.649744233,2.0,pro,,US,9.0,16.0,user264@domain14.com,mobile,Sep,15.43658308518264
1,,43000.0,300.0,basic,referral,US,2.0,4.6,user817@domain17.com,desktop,Sep,5.2987688230482295
0,,76000.0,,pro,ads,US,8.0,13.9,user710@domain10.com,mobile,Mar,
0,35.0,88000.0,1.0,pro,referral,CA,15.0,18.2,user682@domain32.com,tablet,Feb,16.22684125257924
0,,,3.0,pro,organic,US,11.0,17.0,user832@domain32.com,desktop,Mar,5.572529168651345
0,29.0,64000.0,9.0,pro,organic,GB,8.0,13.2,user518@domain18.com,mobile,Dec,15.46214770757367
0,38.0,50000.0,90.0,basic,organic,GB,4.0,6.2,user447@domain47.com,smart_tv,Nov,11.76133220844222
0,29.0,64000.0,9.0,,organic,GB,8.0,13.2,user18@domain18.com,mobile,May,0.9014699051004893
0,23.0,,140.0,basic,organic,US,16.44812946180278,3.2,user715@domain15.com,wearable,Jun,7.020829659317378
0,,31000.0,120.0,basic,ads,GB,1.0,,user483@domain33.com,mobile,Jun,4.633383274421411
0,33.0,,4.0,pro,ads,US,10.0,15.5,user568@domain18.com,,Jun,8.516672978361004
0,,40000.0,250.0,basic,ads,GB,2.0,4.0,user433@domain33.com,mobile,Apr,10.800371128062945
0,38.0,50000.0,90.0,basic,organic,GB,4.0,6.2,user367@domain17.com,mobile,Oct,10.984537761357895
0,22.0,31000.0,120.0,basic,,GB,1.0,3.1,user83@domain33.com,mobile,Nov,-3.8737321391525077
0,,39000.0,45.0,basic,organic,US,135.59303821763575,44.23015325679203,user61@domain11.com,mobile,Feb,79.93440708278844
0,29.0,64000.0,61.98211851429157,pro,organic,GB,8.0,13.2,user638@domain38.com,tablet,Feb,14.860008759968775
0,26.0,68000.0,3.0,pro,organic,US,11.0,,user272@domain22.com,mobile,Oct,8.487267609180412
0,55.0,45000.0,300.0,basic,ads,US,2.0,4.5,user285@domain35.com,tablet,Dec,3.087285482864611
0,,52000.0,3.0,pro,,US,7.0,12.5,user360@domain10.com,mobile,Aug,14.784310917782365
0,36.0,90000.0,6.0,pro,referral,US,13.0,19.0,user354@domain4.com,desktop,Sep,22.19481653449145
0,32.0,80000.0,7.0,pro,ads,CA,9.0,12.9,user456@domain6.com,tablet,Jan,16.020519748653555
0,29.0,64000.0,9.0,pro,organic,GB,8.0,13.2,user278@domain28.com,desktop,Nov,12.283078283604397
0,26.0,68000.0,3.0,pro,organic,US,11.0,17.0,user12@domain12.com,mobile,Nov,9.42589339745509
0,35.0,,1.0,pro,,CA,15.0,18.2,user182@domain32.com,mobile,Oct,14.963646565706748
0,33.0,82000.0,4.0,pro,ads,US,10.0,15.5,user368@domain18.com,desktop,Aug,19.290916243069432
0,,,45.0,basic,,US,67.67477684214211,5.0,user881@domain31.com,tablet,Apr,26.71936850221787
0,23.0,29000.0,140.0,basic,organic,US,1.0,3.2,user615@domain15.com,wearable,Feb,8.16422295734103
0,22.0,31000.0,,basic,ads,GB,44.47022141196295,3.1,user223@domain23.com,tablet,Jun,22.06310821387501
0,26.0,17091.888702495322,3.0,pro,organic,US,11.0,17.0,user572@domain22.com,tablet,Jun,
0,31.0,76000.0,,pro,ads,US,8.0,13.9,user970@domain20.com,mobile,Nov,12.590758036004802
0,52.0,40000.0,250.0,basic,,GB,2.0,4.0,user653@domain3.com,tablet,Sep,8.599066711875283
0,55.0,,300.0,basic,ads,US,2.0,4.5,user545@domain45.com,smart_tv,Oct,2.2834130409218223
0,35.0,88000.0,1.0,pro,,CA,15.0,18.2,user582@domain32.com,desktop,Dec,11.267420993192669
0,,40000.0,250.0,basic,ads,GB,2.0,4.0,user633@domain33.com,desktop,Feb,-5.513142330204509
0,32.0,80000.0,7.0,pro,ads,CA,9.0,12.9,user176@domain26.com,desktop,Jun,15.764436136078235
0,55.0,45000.0,300.0,,ads,US,2.0,9.411530339169282,user665@domain15.com,desktop,May,1.4401616635399819
0,52.0,40000.0,250.0,basic,ads,GB,2.0,4.0,user673@domain23.com,mobile,Mar,7.5450493926058755
0,55.0,45000.0,300.0,,ads,US,2.0,4.5,user585@domain35.com,wearable,Dec,2.8561245078588526
0,52.0,40000.0,250.0,basic,ads,GB,2.0,4.0,user873@domain23.com,tablet,Mar,10.636188184411557
1,52.0,40000.0,250.0,basic,,GB,,4.0,user393@domain43.com,mobile,Oct,0.3147929125521589
0,,31000.0,120.0,basic,ads,GB,1.0,3.1,user163@domain13.com,smart_tv,Sep,7.726836104077296
0,33.0,82000.0,,pro,ads,US,10.0,15.5,user248@domain48.com,mobile,Nov,10.852335084388963
0,36.0,90000.0,6.0,pro,referral,US,13.0,19.0,user634@domain34.com,,Jun,24.723454877843437
0,,,300.0,basic,ads,US,2.0,4.5,user885@domain35.com,wearable,Dec,-1.0906929726968428
0,29.0,,200.0,basic,,US,2.0,4.1,user669@domain19.com,mobile,Nov,7.387878033254809
0,23.0,,140.0,basic,organic,US,1.0,3.2,user375@domain25.com,tablet,Feb,-6.143395905823208
0,26.0,68000.0,3.0,pro,organic,US,11.0,17.0,user412@domain12.com,,Nov,9.253029562011402
0,36.0,,,pro,referral,US,13.0,19.0,user74@domain24.com,smart_tv,Sep,11.43410522377628
0,52.0,40000.0,,basic,ads,GB,2.0,4.0,user113@domain13.com,,Sep,-4.000340449377939
0,29.0,64000.0,9.0,pro,organic,GB,8.0,13.2,user598@domain48.com,mobile,Nov,13.98282602425866
0,41.0,5108.899361576311,45.0,basic,organic,US,3.0,5.0,user961@domain11.com,mobile,Apr,13.010902379259697
0,31.0,76000.0,8.0,pro,ads,US,231.66460803835258,13.9,user390@domain40.com,,Jul,71.47214162081444
0,30.0,61000.0,2.0,,organic,US,9.0,16.0,user104@domain4.com,desktop,Feb,13.603927577606596
0,,,6.0,pro,referral,US,13.0,,user114@domain14.com,mobile,Nov,18.63303648323619
0,48.0,,300.0,basic,,US,2.0,4.6,user417@domain17.com,wearable,Dec,
0,55.0,45000.0,300.0,basic,,US,,4.5,user525@domain25.com,tablet,Jun,7.888823220147215
0,,43000.0,,basic,referral,US,,4.6,user457@domain7.com,desktop,Sep,5.189164006914177
0,29.0,32000.0,200.0,,referral,US,2.0,,user409@domain9.com,tablet,Oct,5.311571215380175
0,26.0,68000.0,,pro,organic,US,11.0,17.0,user92@domain42.com,desktop,Jan,10.027230728432968
0,,76000.0,8.0,pro,ads,US,8.0,13.9,user930@domain30.com,tablet,May,14.728059553045284
0,29.0,32000.0,200.0,basic,referral,US,2.0,4.1,user89@domain39.com,desktop,Sep,6.239573246954029
0,32.0,80000.0,7.0,pro,ads,CA,9.0,12.9,user336@domain36.com,mobile,Apr,15.849223300928063
0,33.0,82000.0,4.0,pro,ads,US,10.0,15.5,user988@domain38.com,tablet,Mar,14.225658050626848
1,41.0,39000.0,260.6257791574893,basic,organic,US,3.0,5.0,user921@domain21.com,mobile,Oct,
0,,40000.0,250.0,basic,ads,GB,,4.0,user933@domain33.com,desktop,Dec,8.633933218162843
0,55.0,,300.0,basic,ads,US,2.0,4.5,user605@domain5.com,tablet,Oct,-2.8870025700332613
0,52.0,40000.0,250.0,basic,ads,GB,2.0,4.0,user593@domain43.com,tablet,Jul,8.381617841845227
0,45.0,42000.0,365.0,basic,,CA,1.0,,user611@domain11.com,tablet,May,7.20431692458156
0,36.0,90000.0,6.0,pro,referral,US,,19.0,user94@domain44.com,mobile,Aug,12.642011623529248
0,45.0,42000.0,365.0,,organic,CA,1.0,,user11@domain11.com,,Sep,6.401648203604882
0,32.0,80000.0,7.0,pro,ads,CA,,12.9,user396@domain46.com,mobile,May,7.04683795679771
0,52.0,40000.0,250.0,basic,ads,GB,2.0,4.0,user533@domain33.com,desktop,Dec,-5.815429004444127
0,,31000.0,120.0,basic,ads,GB,1.0,0.24077464641005247,user43@domain43.com,mobile,Mar,-0.42863494139095026
0,35.0,,1.0,pro,referral,CA,15.0,18.2,user42@domain42.com,desktop,Sep,14.814984636955618
0,29.0,32000.0,200.0,,,US,2.0,,user329@domain29.com,mobile,May,4.090625139530305
0,38.0,50000.0,90.0,,organic,GB,4.0,6.2,user167@domain17.com,,Aug,2.9985742861001423
0,123.65846381191074,43000.0,300.0,,referral,US,2.0,,user497@domain47.com,mobile,Jan,
0,32.0,80000.0,7.0,pro,ads,CA,9.0,12.9,user876@domain26.com,tablet,Sep,7.948829911329357
0,48.0,43000.0,300.0,,referral,US,2.0,4.6,user597@domain47.com,mobile,Jan,5.949282384491715
0,32.0,902800.2489024735,7.0,pro,ads,CA,9.0,12.9,user756@domain6.com,mobile,Feb,13.488751064952066
0,28.0,,3.0,pro,,US,7.0,12.5,user100@domain0.com,mobile,Apr,14.362669588650245
0,27.0,70000.0,5.0,pro,referral,CA,203.8385268222092,14.4,user426@domain26.com,mobile,May,
0,,64000.0,9.0,,organic,GB,8.0,127.36935819241407,user178@domain28.com,mobile,Aug,93.51828345254069
0,30.0,61000.0,2.0,pro,organic,US,9.0,16.0,user444@domain44.com,tablet,Apr,11.833070830196
0,,,7.0,,ads,CA,,12.9,user416@domain16.com,mobile,May,9.97404924755721
0,31.0,,8.0,pro,,US,8.0,13.9,user870@domain20.com,,Jun,9.19494620071283
0,35.0,88000.0,1.0,,referral,CA,15.0,,user882@domain32.com,mobile,May,13.469905863656553
0,28.0,52000.0,3.0,,ads,US,7.0,12.5,user680@domain30.com,mobile,Sep,13.327998956914332
0,48.0,43000.0,300.0,basic,referral,US,2.0,4.6,user177@domain27.com,tablet,May,-3.6144799168199895
1,,29000.0,140.0,basic,organic,US,1.0,,user395@domain45.com,smart_tv,Mar,5.9970477686878585
0,45.0,42000.0,365.0,basic,organic,CA,1.0,2.8,user911@domain11.com,mobile,Sep,-0.042502974345211
0,52.0,,250.0,basic,ads,GB,2.0,4.0,user793@domain43.com,desktop,May,1.0044854090327333
0,28.0,52000.0,3.0,pro,ads,US,7.0,12.5,user960@domain10.com,mobile,Nov,12.771418210526296
0,30.0,61000.0,2.0,pro,organic,US,9.0,16.0,user684@domain34.com,smart_tv,Mar,13.88670327314044
0,22.0,31000.0,120.0,,ads,GB,,3.1,user383@domain33.com,desktop,Oct,1.3945899843107514
0,,14779.850277962196,7.0,pro,ads,CA,9.0,,user956@domain6.com,mobile,Nov,12.248007825336204
0,,42000.0,365.0,basic,,CA,,,user751@domain1.com,mobile,Nov,
0,48.0,43000.0,300.0,basic,referral,US,2.0,4.6,user257@domain7.com,wearable,Oct,6.00678533854051
0,29.0,64000.0,9.0,pro,organic,GB,,13.2,user538@domain38.com,desktop,May,6.542130372226853
0,23.0,29000.0,140.0,basic,organic,US,1.0,3.2,user335@domain35.com,,Feb,6.224847438251459
0,23.0,29000.0,140.0,basic,organic,US,1.0,,user15@domain15.com,mobile,Jan,4.7374504804377855
0,30.0,61000.0,2.0,pro,organic,US,9.0,16.0,user324@domain24.com,tablet,Jun,20.668083440881666
0,29.0,64000.0,9.0,pro,organic,GB,8.0,13.2,user758@domain8.com,desktop,Jun,9.55637017421165
0,,88000.0,1.0,pro,referral,CA,15.0,18.2,user222@domain22.com,mobile,Sep,12.462108715680989
0,60.0,,,basic,ads,US,1.0,2.5,user179@domain29.com,tablet,Apr,6.984636949325421
0,22.0,7007.35501131734,120.0,basic,,GB,1.0,3.1,user983@domain33.com,mobile,Feb,2.311938145807467
0,,88000.0,1.0,pro,referral,CA,15.0,18.2,user22@domain22.com,desktop,Oct,18.776077392629944
0,32.0,80000.0,7.0,,ads,CA,9.0,12.9,user356@domain6.com,desktop,Feb,13.340065421113204
0,,,5.0,pro,referral,CA,,243.6681338453624,user666@domain16.com,mobile,Jan,173.5365943140476
1,41.0,39000.0,45.0,basic,organic,US,3.0,5.0,user861@domain11.com,mobile,Apr,3.203430242126042
0,28.0,52000.0,3.0,pro,ads,US,7.0,12.5,user340@domain40.com,desktop,Feb,9.507372046253474
0,45.0,42000.0,365.0,basic,organic,CA,1.0,,user431@domain31.com,tablet,Feb,6.157278322316653
0,45.0,,365.0,basic,organic,CA,1.0,2.8,user551@domain1.com,tablet,Mar,2.6860221521280705
0,,40000.0,2486.5263740718538,basic,ads,GB,2.0,4.0,user833@domain33.com,mobile,Apr,-3.2992274306029583
0,22.0,31000.0,120.0,basic,ads,GB,1.0,3.1,user203@domain3.com,mobile,Nov,15.366242830212705
0,,,8.0,pro,ads,US,,13.9,user630@domain30.com,desktop,Nov,15.995090996575366
0,52.0,40000.0,250.0,basic,ads,GB,2.0,49.823760886750044,user93@domain43.com,mobile,Jun,26.01666933263933
0,,64000.0,9.0,pro,organic,GB,,13.2,user558@domain8.com,desktop,Nov,14.693258340055273
0,33.0,,4.0,,ads,US,10.0,15.5,user68@domain18.com,,May,14.040742354164506
0,35.0,88000.0,1.0,pro,referral,CA,15.0,18.2,user622@domain22.com,smart_tv,Dec,16.794434450051504
0,30.0,61000.0,2.0,,organic,US,9.0,16.0,user284@domain34.com,wearable,May,8.396500300996852
0,30.0,61000.0,2.0,pro,organic,US,9.0,16.0,user844@domain44.com,desktop,Feb,10.279624175916865
0,36.0,90000.0,6.0,pro,referral,US,13.0,19.0,user434@domain34.com,desktop,Apr,27.306107368917786
0,52.0,40000.0,250.0,basic,,GB,2.0,4.0,user153@domain3.com,smart_tv,Dec,4.173985895724803
0,23.0,29000.0,140.0,basic,organic,US,1.0,3.2,user75@domain25.com,mobile,Aug,7.32938906023556
0,31.0,76000.0,8.0,pro,ads,US,8.0,13.9,user730@domain30.com,mobile,May,1.6666929833497335
0,27.0,,5.0,pro,referral,CA,12.0,14.4,user446@domain46.com,desktop,Apr,20.334987769673738
0,33.0,82000.0,,pro,ads,US,,15.5,user188@domain38.com,desktop,May,18.113981819039473
0,45.0,42000.0,365.0,basic,,CA,1.0,2.8,user271@domain21.com,wearable,Jun,6.748783923649713
0,32.0,,7.0,pro,ads,CA,9.0,12.9,user236@domain36.com,desktop,Dec,6.700303987679165
0,38.0,50000.0,90.0,basic,,GB,4.0,,user487@domain37.com,mobile,Jul,11.863336646307024
1,,43000.0,300.0,basic,referral,US,2.0,4.6,user117@domain17.com,mobile,Jan,6.870496638741496
1,9.21037414195796,31000.0,120.0,basic,ads,GB,1.0,3.1,user943@domain43.com,mobile,Jun,3.353643240975489
0,,68000.0,3.0,pro,organic,US,11.0,17.0,user512@domain12.com,tablet,Sep,
0,55.0,,300.0,basic,ads,US,2.0,4.5,user825@domain25.com,desktop,Dec,1.7890120653499002
1,45.0,42000.0,365.0,basic,organic,CA,1.0,2.8,user591@domain41.com,mobile,Jun,6.835166759805624
0,27.0,70000.0,5.0,pro,referral,CA,12.0,14.4,user126@domain26.com,mobile,May,15.94423639773574
0,,,7.0,pro,ads,CA,9.0,12.9,user116@domain16.com,desktop,Oct,4.744299893624954
0,52.0,40000.0,250.0,basic,ads,GB,2.0,4.0,user473@domain23.com,desktop,Oct,0.03929571650191699
1,52.0,,,basic,ads,GB,2.0,4.0,user693@domain43.com,mobile,Aug,5.34433188354749
0,48.0,43000.0,300.0,basic,referral,US,2.0,4.6,user57@domain7.com,mobile,Apr,6.233527958140714
0,22.0,31000.0,120.0,basic,ads,GB,1.0,,user863@domain13.com,desktop,Jul,11.363448941142
0,26.0,68000.0,3.0,pro,organic,US,544.0852433114525,17.0,user912@domain12.com,mobile,Dec,172.05192451494239
0,29.0,32000.0,200.0,basic,referral,US,2.0,4.1,user369@domain19.com,tablet,Oct,5.270852264636046
0,,163090.84272353648,4.0,pro,ads,US,10.0,15.5,user268@domain18.com,mobile,Jan,16.620338446875977
0,,70000.0,5.0,pro,referral,CA,12.0,14.4,user46@domain46.com,desktop,Jun,16.005933206611612
0,29.0,32000.0,200.0,basic,referral,US,2.0,4.1,user349@domain49.com,wearable,Jul,7.74423249509785
0,23.0,29000.0,140.0,,organic,US,1.0,3.2,user195@domain45.com,smart_tv,Jul,3.352406533732452
0,60.0,38000.0,,basic,ads,US,1.0,,user999@domain49.com,mobile,Dec,16.382358452630307
0,36.0,90000.0,6.0,pro,referral,US,13.0,19.0,user834@domain34.com,mobile,Feb,15.839889683065987
0,32.0,80000.0,7.0,pro,ads,CA,9.0,12.9,user736@domain36.com,,May,7.019558533948531
0,,31000.0,495.65809098280516,basic,ads,GB,1.0,3.1,user263@domain13.com,mobile,Feb,3.779500297946332
0,22.0,31000.0,120.0,basic,ads,GB,1.0,3.1,user443@domain43.com,desktop,Oct,1.569397614266701
0,23.0,29000.0,140.0,basic,,US,1.0,3.2,user675@domain25.com,desktop,Oct,
0,30.0,,2.0,pro,organic,US,9.0,16.0,user304@domain4.com,tablet,Jan,9.902038685345328
1,41.0,,45.0,basic,,US,3.0,5.0,user341@domain41.com,mobile,Dec,-0.7823530202035824
0,27.0,70000.0,5.0,pro,referral,CA,12.0,14.4,user966@domain16.com,desktop,Mar,8.440701151692679
1,,32000.0,200.0,basic,referral,US,2.0,4.1,user149@domain49.com,wearable,Dec,7.336992521411058
0,,61000.0,,pro,organic,US,9.0,16.0,user124@domain24.com,desktop,Nov,9.977105712547658
0,27.0,,5.0,pro,referral,CA,12.0,14.4,user786@domain36.com,mobile,Aug,10.317274316175958
0,31.0,76000.0,8.0,pro,ads,US,8.0,,user50@domain0.com,wearable,Aug,8.758593365372402
0,,529501.0309647341,250.0,basic,ads,GB,,4.0,user353@domain3.com,,Oct,-1.3659291572363728
0,38.0,,90.0,basic,organic,GB,4.0,,user927@domain27.com,desktop,Nov,9.721824986793347
0,40.46004275394477,,3.470663789828031,pro,referral,CA,15.0,18.2,user142@domain42.com,tablet,Apr,
0,31.0,76000.0,,,ads,US,8.0,13.9,user470@domain20.com,tablet,Nov,
0,,,,basic,ads,US,1.0,2.5,user399@domain49.com,,Dec,1.5685951511389
0,55.0,45000.0,300.0,basic,ads,US,2.0,4.5,user625@domain25.com,wearable,Aug,-0.8945163098772024
0,28.0,,3.0,pro,ads,US,7.0,12.5,user320@domain20.com,desktop,Sep,10.16726564095479
0,,38000.0,400.0,basic,ads,US,48.34807172184134,2.5,user19@domain19.com,mobile,Nov,18.739763452504178
0,29.0,32000.0,200.0,basic,referral,US,2.0,4.1,user809@domain9.com,smart_tv,Jan,8.901978835909544
0,31.0,76000.0,8.0,pro,ads,US,8.0,13.9,user790@domain40.com,mobile,Feb,13.946780317636403
0,33.0,82000.0,4.0,pro,,US,,2.2158261557812553,user808@domain8.com,mobile,Oct,5.744079238761662
0,38.0,50000.0,90.0,basic,organic,GB,4.0,6.2,user407@domain7.com,mobile,Sep,8.380950030538694
0,,43000.0,300.0,basic,referral,US,2.0,4.6,user537@domain37.com,wearable,Nov,1.5535851829081992
0,28.0,52000.0,25.913923533086,pro,ads,US,7.0,143.49489322034478,user620@domain20.com,desktop,May,100.28817255469986
0,29.0,64000.0,9.0,pro,organic,GB,8.0,13.2,user38@domain38.com,wearable,Aug,9.65185066083373
0,,29000.0,140.0,basic,organic,US,1.0,3.2,user175@domain25.com,desktop,Jun,-8.839269383233212
0,55.0,45000.0,300.0,basic,ads,US,2.0,4.5,user245@domain45.com,desktop,Jan,3.396612167798664
0,,,4.0,pro,ads,US,10.0,15.5,user828@domain28.com,tablet,Apr,16.7948238642639
0,38.0,,90.0,basic,organic,GB,4.0,6.2,user667@domain17.com,mobile,Jan,6.0575795102178445
0,36.0,,6.0,pro,referral,US,13.0,19.0,user754@domain4.com,,Jan,13.356720146864774
0,29.0,,9.0,pro,organic,GB,8.0,13.2,user858@domain8.com,mobile,Oct,17.584396994565452
0,36.0,90000.0,6.0,,referral,US,13.0,19.0,user154@domain4.com,mobile,Jun,14.026147467813537
0,38.0,,,basic,organic,GB,4.0,6.2,user287@domain37.com,tablet,Feb,7.312952037736466
0,,88000.0,1.0,pro,referral,CA,15.0,18.2,user602@domain2.com,desktop,Jul,18.708918405926973
1,29.0,,,basic,referral,US,2.0,4.1,user569@domain19.com,mobile,Oct,4.852899531672469
0,9.689808718792289,31000.0,120.0,basic,ads,GB,1.0,3.1,user743@domain43.com,desktop,Jul,-2.7935600153891142
0,48.0,43000.0,300.0,basic,referral,US,89.8489788039066,4.6,user17@domain17.com,tablet,Sep,31.87198231640092
0,38.0,,90.0,basic,organic,GB,4.0,,user127@domain27.com,desktop,Nov,15.586636408618698
0,35.0,88000.0,1.0,pro,referral,CA,15.0,173.52745610914533,user322@domain22.com,tablet,Jan,120.11239115108155
0,23.0,29000.0,,basic,organic,US,1.0,3.2,user255@domain5.com,mobile,Jun,-1.3795192673435621
1,48.0,43000.0,300.0,basic,referral,US,2.0,4.6,user657@domain7.com,wearable,Sep,8.87957789759556
0,30.0,61000.0,2.0,pro,organic,US,9.0,16.0,user964@domain14.com,desktop,Apr,23.52754560576067
0,31.0,482095.08609618805,8.0,pro,,US,8.0,13.9,user190@domain40.com,tablet,Nov,7.722412846735562
0,23.0,29000.0,140.0,basic,organic,US,1.0,3.2,user115@domain15.com,desktop,May,-5.024736168944804
0,32.0,80000.0,7.0,pro,ads,CA,9.0,12.9,user616@domain16.com,desktop,Aug,5.958211069183832
0,,70000.0,5.0,pro,referral,CA,12.0,14.4,user606@domain6.com,mobile,Jun,10.27544381576207
0,28.0,,3.0,pro,ads,US,7.0,12.5,user180@domain30.com,desktop,Sep,12.841122890965355
0,,39000.0,,basic,organic,US,3.0,5.0,user301@domain1.com,wearable,Jan,8.518853592286684
0,60.0,38000.0,400.0,basic,ads,US,1.0,2.5,user759@domain9.com,desktop,Mar,4.148831987707534
0,26.0,68000.0,,pro,organic,US,11.0,17.0,user712@domain12.com,mobile,Jun,
0,22.0,31000.0,120.0,basic,ads,GB,1.0,3.1,user723@domain23.com,desktop,May,4.887093720188672
0,55.0,45000.0,300.0,basic,,US,2.0,4.5,user685@domain35.com,desktop,Nov,
0,60.0,,400.0,basic,ads,US,,40.45163372843051,user979@domain29.com,smart_tv,Jul,33.32330820504767
0,48.0,,300.0,basic,,US,2.0,4.6,user517@domain17.com,mobile,Sep,13.816016596377452
0,30.0,,2.0,pro,organic,US,,16.0,user984@domain34.com,smart_tv,Mar,
0,55.0,45000.0,300.0,,ads,US,2.0,4.5,user45@domain45.com,mobile,Nov,5.714365275307957
0,29.0,32000.0,200.0,basic,referral,US,2.0,4.1,user909@domain9.com,mobile,Apr,7.686111939718606
0,,,300.0,basic,,US,2.0,4.6,user157@domain7.com,desktop,Dec,-1.0400500403987052
0,45.0,42000.0,365.0,basic,organic,CA,1.0,2.8,user851@domain1.com,desktop,Jan,-0.17974243512994859
0,,,365.0,basic,organic,CA,,2.8,user171@domain21.com,desktop,Jun,
0,32.0,,7.0,pro,ads,CA,9.0,,user16@domain16.com,mobile,Nov,6.164724628455099
0,45.0,42000.0,365.0,basic,organic,CA,1.0,2.8,user511@domain11.com,desktop,Dec,-2.448183612188042
0,,82000.0,4.0,pro,ads,US,10.0,15.5,user48@domain48.com,tablet,Feb,14.366714419936294
0,45.0,42000.0,365.0,basic,organic,CA,1.0,2.8,user971@domain21.com,mobile,Oct,0.2644277099502639
0,28.0,52000.0,3.0,pro,ads,US,,12.5,user940@domain40.com,mobile,Apr,11.151781377571067
0,,29000.0,140.0,basic,organic,US,1.0,3.2,user515@domain15.com,tablet,Mar,-1.4831632161913029
0,26.0,974036.4523152023,3.0,pro,organic,US,11.0,17.0,user952@domain2.com,mobile,Mar,
0,,52000.0,3.0,pro,ads,US,,,user480@domain30.com,mobile,Oct,9.277320205361592
0,22.0,31000.0,120.0,basic,ads,GB,1.0,3.1,user283@domain33.com,wearable,Aug,-0.8534732466099424
0,29.0,64000.0,9.0,pro,organic,GB,8.0,13.2,user718@domain18.com,desktop,Jun,5.611058428237785
0,48.0,43000.0,300.0,basic,referral,US,,4.6,user877@domain27.com,wearable,Oct,12.40991822338307
0,63.00496121019535,,300.0,,ads,US,2.0,4.5,user225@domain25.com,desktop,Sep,1.0270464239642423
0,27.0,70000.0,5.0,pro,,CA,12.0,14.4,user26@domain26.com,desktop,Jul,1.2026757460760393
0,36.0,90000.0,6.0,pro,referral,US,13.0,19.0,user954@domain4.com,mobile,Sep,20.07881160652181
1,48.0,43000.0,300.0,basic,referral,US,2.0,4.6,user437@domain37.com,,May,-0.13281032038508123
0,45.0,,365.0,basic,organic,CA,1.0,,user951@domain1.com,,Feb,11.789188503531001
0,30.0,61000.0,2.0,pro,organic,US,9.0,,user364@domain14.com,mobile,May,18.872491796020544
1,,32000.0,200.0,basic,referral,US,2.0,4.1,user229@domain29.com,desktop,Oct,10.854321139677289
0,48.0,43000.0,300.0,basic,referral,US,2.0,,user37@domain37.com,mobile,Feb,7.2827603335709385
0,55.0,,300.0,basic,ads,US,2.0,4.5,user965@domain15.com,,Jan,4.203670013372003
0,,,6.0,pro,referral,US,13.0,,user374@domain24.com,mobile,Nov,17.345469386583964
0,29.0,32000.0,200.0,basic,referral,US,2.0,4.1,user469@domain19.com,mobile,Aug,10.73950185989446
0,117.30965824611414,50000.0,90.0,basic,organic,GB,4.0,6.2,user967@domain17.com,,Jul,
0,31.0,76000.0,8.0,pro,ads,US,8.0,13.9,user850@domain0.com,mobile,Apr,19.215032266215182
0,,61000.0,2.0,,organic,US,9.0,16.0,user704@domain4.com,,Nov,12.067771132774858
0,,39000.0,45.0,,organic,US,3.0,5.0,user841@domain41.com,mobile,Feb,10.778316431546807
0,36.0,,6.0,pro,referral,US,13.0,19.0,user194@domain44.com,tablet,Feb,34.12949232022313
0,36.0,90000.0,6.0,pro,referral,US,13.0,19.0,user854@domain4.com,desktop,Dec,22.1807731753356
0,,61000.0,2.0,pro,organic,US,9.0,16.0,user864@domain14.com,mobile,Sep,12.598104761259783
0,,31000.0,120.0,basic,,GB,1.0,3.1,user503@domain3.com,desktop,Jun,
0,29.0,32000.0,200.0,basic,,US,2.0,4.1,user969@domain19.com,desktop,Nov,6.5137739269218216
0,31.0,,8.0,pro,ads,US,8.0,13.9,user830@domain30.com,mobile,Nov,6.391292463776636
0,60.0,38000.0,400.0,basic,,US,44.377584221267206,2.5,user579@domain29.com,desktop,Oct,11.238616893049297
0,33.0,82000.0,4.0,pro,ads,US,,,user968@domain18.com,mobile,May,12.00906173863186
0,35.0,,1.0,pro,referral,CA,15.0,,user162@domain12.com,mobile,Dec,10.302667661046065
0,33.0,82000.0,,,ads,US,10.0,15.5,user908@domain8.com,mobile,Jun,5.379706549863288
0,26.0,68000.0,3.0,pro,organic,US,11.0,,user152@domain2.com,,Dec,13.665796242297445
1,41.0,39000.0,45.0,basic,organic,US,3.0,5.0,user801@domain1.com,mobile,May,6.207640663412043
0,52.0,40000.0,250.0,basic,ads,GB,2.0,4.0,user993@domain43.com,tablet,Aug,5.661118382917036
0,23.0,29000.0,140.0,basic,organic,US,1.0,3.2,user755@domain5.com,tablet,Oct,4.03675830211813
0,45.0,42000.0,365.0,basic,,CA,1.0,2.8,user111@domain11.com,wearable,Sep,2.521157434077108
0,27.0,70000.0,5.0,pro,referral,CA,12.0,14.4,user226@domain26.com,desktop,Aug,18.37185043187053
0,,,4.0,pro,,US,10.0,15.5,user688@domain38.com,desktop,Jun,
1,22.0,31000.0,120.0,basic,,GB,1.0,2.739401865720905,user103@domain3.com,mobile,Jan,-10.978042151837258
0,41.0,39000.0,45.0,basic,organic,US,3.0,5.0,user421@domain21.com,desktop,Feb,
1,60.0,38000.0,400.0,basic,ads,US,1.0,,user419@domain19.com,tablet,Dec,7.479662361350101
0,31.0,76000.0,8.0,pro,,US,8.0,13.9,user750@domain0.com,tablet,Nov,13.181119250537318
0,27.0,70000.0,5.0,pro,,CA,12.0,14.4,user586@domain36.com,mobile,Jun,24.75762951399802
0,,52000.0,3.0,pro,ads,US,7.0,12.5,user780@domain30.com,smart_tv,Jul,5.671639888419095
0,,,3.0,pro,,US,11.0,17.0,user672@domain22.com,tablet,Aug,10.820722753652259
0,60.0,38000.0,400.0,basic,ads,US,1.0,2.5,user119@domain19.com,tablet,Jan,1.4287911466034124
0,52.0,40000.0,,basic,ads,GB,2.0,,user53@domain3.com,smart_tv,Nov,6.788964692490355
0,45.0,,365.0,,organic,CA,1.0,2.8,user151@domain1.com,smart_tv,Oct,-3.6108494840039462
0,22.0,31000.0,120.0,basic,ads,GB,1.0,,user403@domain3.com,smart_tv,Jan,11.050428285018997
0,55.0,45000.0,2340.3504507475704,basic,ads,US,2.0,4.5,user945@domain45.com,smart_tv,Oct,4.543716258162265
0,,50000.0,90.0,basic,organic,GB,4.0,6.2,user207@domain7.com,mobile,Apr,7.168175577950073
0,29.0,64000.0,9.0,pro,organic,GB,8.0,13.2,user658@domain8.com,desktop,Mar,14.328484484508019
0,22.0,,120.0,basic,,GB,1.0,3.1,user843@domain43.com,desktop,Oct,
0,35.0,88000.0,1.0,pro,referral,CA,15.0,18.2,user762@domain12.com,desktop,Feb,19.84874012276286
0,33.0,,4.0,pro,ads,US,10.0,15.5,user8@domain8.com,mobile,Dec,15.572461554717128
1,38.0,,90.0,basic,,GB,4.0,0.41177828144482076,user807@domain7.com,wearable,Dec,-2.191275897623533
0,32.0,,,pro,,CA,9.0,12.9,user36@domain36.com,mobile,Nov,16.411519482404017
0,26.0,,3.0,pro,organic,US,,17.0,user452@domain2.com,wearable,Oct,7.296005299051126
1,,42000.0,365.0,basic,organic,CA,1.0,2.8,user651@domain1.com,desktop,May,1.686012918100861
0,52.0,40000.0,250.0,basic,,GB,2.0,4.0,user253@domain3.com,desktop,Aug,-0.7469203364670229
1,22.0,31000.0,120.0,basic,ads,GB,1.0,3.1,user303@domain3.com,smart_tv,Jun,8.009112823017341
0,27.0,70000.0,5.0,pro,referral,CA,12.0,14.4,user746@domain46.com,mobile,Dec,
0,45.0,42000.0,365.0,basic,organic,CA,36.56785126953135,,user571@domain21.com,tablet,Jun,20.387324776031292
0,22.0,31000.0,,basic,ads,GB,1.0,3.1,user623@domain23.com,desktop,Apr,3.394925100441878
0,26.0,68000.0,,pro,organic,US,11.0,17.0,user732@domain32.com,mobile,Apr,12.80273287071937
0,45.0,42000.0,365.0,basic,organic,CA,1.0,2.8,user891@domain41.com,mobile,Sep,4.512008956113892
0,35.0,88000.0,1.0,,referral,CA,,18.2,user262@domain12.com,desktop,May,7.8193691517382105
0,31.0,11741.517417802868,8.0,pro,ads,US,8.0,13.9,user610@domain10.com,mobile,Jan,9.510364106002758
0,48.0,43000.0,300.0,,referral,US,2.0,4.6,user297@domain47.com,mobile,Aug,-3.240118329265711
0,36.0,90000.0,6.0,pro,referral,US,13.0,19.0,user414@domain14.com,wearable,Jul,25.66224312469458
0,31.0,76000.0,,pro,ads,US,8.0,13.9,user150@domain0.com,desktop,May,17.83918762734656
0,33.0,82000.0,4.0,pro,ads,US,10.0,15.5,user788@domain38.com,smart_tv,Apr,13.857892727259577
0,28.0,52000.0,3.0,pro,ads,US,7.0,0.8268286141710466,user640@domain40.com,mobile,Oct,2.8839383914363577
0,29.0,,200.0,,referral,US,2.0,4.1,user889@domain39.com,smart_tv,Jul,6.548390426228448
0,29.52171689602991,76000.0,53.68804048289341,pro,,US,8.0,13.9,user550@domain0.com,desktop,Jun,15.884008389519852
0,27.0,70000.0,5.0,pro,referral,CA,,14.4,user886@domain36.com,desktop,Oct,5.37234231228326
0,33.0,82000.0,4.0,pro,ads,US,10.0,15.5,user488@domain38.com,mobile,Feb,13.1464347683467
0,38.0,50000.0,90.0,basic,organic,GB,4.0,,user147@domain47.com,tablet,Feb,12.93468573276895
0,,70000.0,5.0,pro,referral,CA,12.0,14.4,user146@domain46.com,mobile,May,9.207825250831114
0,28.0,52000.0,3.0,pro,,US,7.0,12.5,user720@domain20.com,desktop,Jul,6.208146585349434
0,45.0,42000.0,365.0,basic,organic,CA,1.0,2.8,user931@domain31.com,,Feb,2.654992038800269
0,60.0,,400.0,basic,,US,1.0,2.5,user739@domain39.com,tablet,Sep,-1.467232038466436
1,60.0,38000.0,400.0,basic,ads,US,1.0,2.5,user659@domain9.com,desktop,Oct,
0,33.0,19455.649632828965,4.0,pro,ads,US,10.0,288.9068165315057,user348@domain48.com,mobile,May,201.6549734697286
0,,31000.0,120.0,basic,ads,GB,1.0,3.1,user463@domain13.com,smart_tv,Mar,0.07962157561569683
0,,11570.847662352993,300.0,basic,ads,US,2.0,4.5,user325@domain25.com,desktop,Jul,3.402798211197318
0,27.0,,5.0,,,CA,12.0,14.4,user186@domain36.com,mobile,May,17.395135481047642
0,22.0,,,basic,ads,GB,36.24067056157382,3.1,user123@domain23.com,wearable,Mar,21.542281591090152
0,52.0,40000.0,250.0,basic,ads,GB,2.0,4.0,user853@domain3.com,,Sep,12.833373121522929
0,,82000.0,4.0,pro,,US,10.0,15.5,user608@domain8.com,smart_tv,Feb,9.386156983436521
0,,31000.0,120.0,basic,,GB,1.0,3.1,user143@domain43.com,mobile,Jun,1.0386104472434576
0,29.0,64000.0,9.0,pro,,GB,8.0,,user958@domain8.com,desktop,May,10.216809676733952
0,,43000.0,300.0,basic,referral,US,2.0,4.6,user197@domain47.com,desktop,Feb,7.873070690200821
0,29.0,32000.0,200.0,basic,,US,2.0,4.1,user609@domain9.com,,Jun,3.676627920337855
0,60.0,38000.0,400.0,basic,ads,US,1.0,2.5,user279@domain29.com,mobile,Mar,16.75203290834171
0,52.0,40000.0,,basic,ads,GB,2.0,4.0,user293@domain43.com,mobile,Jan,-0.7094875767896931
0,10.72741077638719,479690.6819359979,3.0,pro,ads,US,7.0,12.5,user400@domain0.com,desktop,Aug,13.429668540691436
0,35.0,88000.0,1.0,pro,referral,CA,,18.2,user122@domain22.com,desktop,Jan,17.17160524098565
0,22.0,6698.016713788101,,,ads,GB,1.0,3.1,user183@domain33.com,,Jun,9.389173668312083
0,35.0,88000.0,1.0,pro,referral,CA,15.0,18.2,user202@domain2.com,,Oct,13.455335702364982
0,29.0,64000.0,9.0,pro,organic,GB,8.0,1.4926586162669442,user438@domain38.com,mobile,Nov,5.594511285106266
0,27.0,,35.01893770017701,pro,referral,CA,12.0,14.4,user246@domain46.com,desktop,Mar,2.951113623671276
1,23.0,29000.0,140.0,basic,organic,US,1.0,3.2,user415@domain15.com,wearable,Jan,4.417983588597479
0,26.0,68000.0,3.0,pro,organic,US,11.0,17.0,user932@domain32.com,desktop,Jul,14.193317942688166
0,55.0,,300.0,basic,ads,US,2.0,4.5,user765@domain15.com,mobile,Aug,2.3920568968406855
0,27.0,70000.0,5.0,pro,referral,CA,12.0,14.4,user906@domain6.com,desktop,Sep,17.0641906503098
0,23.0,29000.0,140.0,basic,organic,US,1.0,3.2,user835@domain35.com,,Apr,-1.4229447393626402
1,38.0,,90.0,basic,organic,GB,4.0,6.2,user887@domain37.com,tablet,Mar,8.109547868279268
0,29.0,32000.0,200.0,basic,referral,US,2.0,4.1,user129@domain29.com,desktop,Feb,3.490649397626781
0,48.0,43000.0,300.0,basic,referral,US,2.0,4.6,user637@domain37.com,mobile,Jan,2.8325604768337698
0,,88000.0,1.0,pro,referral,CA,15.0,18.2,user402@domain2.com,mobile,Mar,18.563999076590907
0,30.0,61000.0,2.0,pro,organic,US,9.0,16.0,user784@domain34.com,mobile,Aug,14.007483964201734
0,31.0,76000.0,8.0,pro,ads,US,8.0,13.9,user770@domain20.com,,Nov,15.62113848317183
1,23.0,29000.0,140.0,basic,,US,1.0,,user735@domain35.com,wearable,Apr,7.3055321539221545
0,52.0,40000.0,250.0,basic,,GB,2.0,4.0,user913@domain13.com,mobile,May,8.863564683707743
0,,38000.0,,basic,,US,1.0,2.5,user219@domain19.com,,Mar,
0,,39000.0,,basic,organic,US,66.64980771017659,5.0,user641@domain41.com,desktop,Dec,20.63445263153018
1,23.0,29000.0,140.0,basic,organic,US,1.0,3.2,user915@domain15.com,smart_tv,May,5.44370301954586
0,26.0,,3.0,pro,,US,11.0,17.0,user752@domain2.com,mobile,Feb,19.384739473987526
0,27.0,,28.958612377098383,,referral,CA,12.0,14.4,user806@domain6.com,mobile,May,11.08446818548433
0,60.0,38000.0,400.0,,ads,US,1.0,2.5,user919@domain19.com,mobile,Jan,4.1996749616546225
0,30.0,,2.0,pro,organic,US,9.0,16.0,user624@domain24.com,smart_tv,Jun,9.034045014560807
0,,,6.0,pro,,US,13.0,19.0,user874@domain24.com,,Apr,23.654190018358076
0,87.12466224871905,52000.0,3.0,pro,ads,US,249.65374722317898,12.5,user760@domain10.com,tablet,Feb,75.3754053543768
0,27.0,70000.0,,pro,,CA,12.0,14.4,user386@domain36.com,mobile,Jan,7.239495635124672
0,26.0,,3.0,pro,organic,US,11.0,17.0,user972@domain22.com,desktop,Oct,6.70888559887368
0,,32000.0,200.0,basic,referral,US,,4.1,user509@domain9.com,desktop,Mar,8.554923654490025
0,38.0,50000.0,,basic,organic,GB,4.0,,user267@domain17.com,desktop,Nov,10.275905264718835
0,60.0,38000.0,400.0,basic,ads,US,1.0,2.5,user819@domain19.com,desktop,Feb,4.408116525224377
0,41.0,39000.0,45.0,basic,,US,3.0,5.0,user441@domain41.com,desktop,Jul,-0.5311792195778882
0,32.0,80000.0,7.0,,ads,CA,9.0,12.9,user496@domain46.com,wearable,Feb,
0,26.0,68000.0,3.0,pro,organic,US,11.0,17.0,user112@domain12.com,tablet,Nov,18.05077232414536
0,45.0,,365.0,basic,organic,CA,1.0,2.8,user691@domain41.com,mobile,May,5.467725425130614
0,26.0,87334.7523057936,3.0,pro,organic,US,11.0,30.44882937476955,user232@domain32.com,tablet,Jul,33.01031555869459
0,29.0,32000.0,200.0,basic,referral,US,2.0,4.1,user869@domain19.com,mobile,Feb,8.560964996262214
0,38.0,50000.0,,basic,organic,GB,4.0,,user607@domain7.com,desktop,Apr,6.077400390110517
0,45.0,42000.0,365.0,basic,organic,CA,1.0,2.8,user671@domain21.com,tablet,Dec,-7.490135265295903
0,52.0,10312.206646236855,250.0,basic,ads,GB,2.0,4.0,user373@domain23.com,desktop,Feb,
0,41.0,39000.0,45.0,basic,organic,US,,,user981@domain31.com,desktop,Aug,15.28934056492108
0,35.0,88000.0,1.0,pro,referral,CA,15.0,18.2,user842@domain42.com,,Nov,
0,52.0,40000.0,250.0,basic,ads,GB,,4.0,user233@domain33.com,mobile,Aug,4.862644971959509
0,55.0,45000.0,,basic,ads,US,,4.5,user785@domain35.com,desktop,Mar,2.6695623620302293
0,32.0,80000.0,7.0,pro,ads,CA,9.0,12.9,user676@domain26.com,mobile,Jan,10.539057021545544
0,48.0,9750.55353849365,300.0,basic,referral,US,2.0,,user317@domain17.com,,Aug,4.565761779074152
0,,,4.0,pro,ads,US,10.0,15.5,user648@domain48.com,tablet,Oct,26.71661751784147
0,31.0,,8.0,pro,ads,US,8.0,13.9,user410@domain10.com,desktop,Jan,21.666312519838133
0,,64000.0,9.0,pro,organic,GB,8.0,13.2,user898@domain48.com,desktop,Sep,
0,29.0,32000.0,,basic,referral,US,2.0,,user709@domain9.com,,Nov,7.68964942939275
0,29.0,64000.0,9.0,pro,organic,GB,8.0,13.2,user358@domain8.com,mobile,Nov,15.46636587970222
0,29.0,64000.0,9.0,pro,organic,GB,8.0,13.2,user258@domain8.com,mobile,May,-3.589412413345304
0,30.0,61000.0,2.0,pro,organic,US,9.0,16.0,user744@domain44.com,desktop,Oct,13.68311496619608
0,38.0,50000.0,90.0,basic,organic,GB,4.0,,user627@domain27.com,desktop,Jul,14.421106534855394
0,,68000.0,,pro,organic,US,11.0,17.0,user632@domain32.com,mobile,May,14.568666407214968
0,35.0,88000.0,1.0,pro,referral,CA,15.0,18.2,user282@domain32.com,mobile,Oct,15.347534924801685
0,32.0,80000.0,7.0,pro,ads,CA,331.3846870936657,12.9,user376@domain26.com,desktop,Feb,108.69288283536432
0,30.0,,2.0,pro,organic,US,9.0,16.0,user384@domain34.com,desktop,Aug,25.212009600802524
0,30.0,,2.0,pro,organic,US,9.0,16.0,user224@domain24.com,desktop,Apr,23.769657253457677
0,172.6843310538761,40000.0,,basic,ads,GB,2.0,4.0,user953@domain3.com,mobile,Aug,7.890339007311882
0,104.0726454454317,,6.0,pro,,US,,19.0,user814@domain14.com,desktop,Jun,15.922547822609996
0,26.0,68000.0,3.0,pro,organic,US,11.0,,user472@domain22.com,desktop,Apr,
1,38.0,,90.0,basic,organic,GB,4.0,6.2,user347@domain47.com,tablet,Jun,6.598897803697952
0,55.0,45000.0,300.0,basic,,US,2.0,4.5,user505@domain5.com,mobile,Apr,7.980563366034044
0,,,400.0,basic,ads,US,1.0,2.5,user639@domain39.com,mobile,Aug,2.2228036530339157
0,38.0,50000.0,90.0,basic,organic,GB,4.0,,user987@domain37.com,desktop,Oct,14.822234826284816
0,33.0,,4.0,pro,,US,10.0,,user928@domain28.com,wearable,Mar,7.262437202860655
1,55.0,45000.0,300.0,basic,ads,US,2.0,,user905@domain5.com,mobile,Jun,
0,60.0,38000.0,400.0,basic,ads,US,1.0,2.5,user619@domain19.com,mobile,Feb,-2.616842336393148
0,23.0,29000.0,140.0,basic,organic,US,1.0,,user855@domain5.com,desktop,Jan,10.354714027208864
0,22.0,,120.0,basic,ads,GB,,3.1,user803@domain3.com,,Apr,2.3928243077447746
0,55.0,,300.0,basic,,US,2.0,0.6298558045192542,user645@domain45.com,desktop,Jul,-0.9047614818553498
0,27.0,70000.0,5.0,pro,referral,CA,12.0,,user846@domain46.com,desktop,Jan,10.700805734830151
0,32.0,80000.0,7.0,pro,ads,CA,9.0,12.9,user556@domain6.com,mobile,Jun,
0,48.0,43000.0,300.0,basic,referral,US,2.0,,user957@domain7.com,desktop,Feb,9.971706067913086
0,48.0,43000.0,2345.545735112616,basic,,US,2.0,,user577@domain27.com,desktop,Jun,9.918917321923542
0,23.0,29000.0,140.0,basic,,US,1.0,3.2,user795@domain45.com,mobile,Mar,3.1225675749929236
0,55.0,45000.0,300.0,basic,ads,US,,4.5,user85@domain35.com,desktop,Nov,14.322490476463667
0,35.0,88000.0,5.152576603194936,pro,referral,CA,15.0,18.2,user242@domain42.com,desktop,Jul,15.87562418812507
0,29.0,,9.0,pro,,GB,8.0,,user698@domain48.com,desktop,Feb,5.470130581572647
0,60.0,38000.0,400.0,basic,ads,US,1.0,2.5,user159@domain9.com,,Aug,1.5308683545771617
0,30.0,61000.0,19.227552000647208,pro,organic,US,9.0,16.0,user524@domain24.com,mobile,May,16.551878047807147
0,23.0,29000.0,906.1985581127396,basic,organic,US,1.0,3.2,user35@domain35.com,mobile,Feb,4.631512246206759
0,28.0,52000.0,,pro,ads,US,,12.5,user540@domain40.com,mobile,Jan,27.28381033838577
0,31.0,76000.0,8.0,pro,ads,US,8.0,13.9,user170@domain20.com,mobile,Oct,10.628996235988025
0,36.0,90000.0,6.0,pro,referral,US,13.0,19.0,user654@domain4.com,mobile,Jun,11.537280000013993
0,31.0,76000.0,8.0,pro,ads,US,8.0,13.9,user890@domain40.com,mobile,Nov,14.661092484393722
0,48.0,43000.0,2741.7144793668745,basic,referral,US,2.0,0.6679687978184753,user857@domain7.com,mobile,Apr,1.4814271843983122
0,,50000.0,90.0,basic,organic,GB,4.0,6.2,user847@domain47.com,mobile,Apr,3.615106084547582
0,30.0,61000.0,2.0,pro,organic,US,9.0,16.0,user944@domain44.com,desktop,Nov,5.940342468868343
0,,514126.0341039069,250.0,basic,ads,GB,2.0,,user733@domain33.com,mobile,Feb,5.780531046453845
0,23.0,29000.0,,basic,organic,US,1.0,3.2,user95@domain45.com,smart_tv,Feb,3.6613430986448785
0,22.0,31000.0,120.0,basic,ads,GB,,3.1,user563@domain13.com,desktop,Sep,8.805842292547185
0,28.0,52000.0,3.0,pro,ads,US,7.0,12.5,user240@domain40.com,mobile,Dec,15.541621685429481
0,35.0,,1.0,pro,referral,CA,15.0,18.2,user742@domain42.com,,May,
0,36.0,90000.0,,pro,referral,US,13.0,19.0,user574@domain24.com,mobile,May,23.33900414030021
0,31.0,76000.0,8.0,pro,ads,US,8.0,13.9,user690@domain40.com,,Jan,13.928161596466344
0,28.0,52000.0,3.0,pro,ads,US,7.0,12.5,user460@domain10.com,desktop,Oct,7.580686354014539
0,,40000.0,250.0,basic,ads,GB,,4.0,user553@domain3.com,mobile,Nov,9.183721772376007
0,,82000.0,4.0,,ads,US,10.0,15.5,user888@domain38.com,smart_tv,Aug,
0,27.0,70000.0,5.0,pro,,CA,12.0,14.4,user206@domain6.com,mobile,Dec,5.9334794812396
0,26.0,68000.0,3.0,pro,organic,US,11.0,90.66410014758247,user392@domain42.com,tablet,Sep,62.0186824870681
0,36.0,90000.0,6.0,pro,referral,US,13.0,19.0,user794@domain44.com,tablet,Sep,16.184638494417115
0,48.0,43000.0,,basic,referral,US,2.0,4.6,user397@domain47.com,desktop,Jun,0.044691210062036024
0,27.0,70000.0,,pro,,CA,12.0,14.4,user766@domain16.com,mobile,Feb,14.443198394300495
0,33.0,82000.0,4.0,pro,ads,US,10.0,15.5,user848@domain48.com,mobile,Sep,8.594610144704905
0,48.0,43000.0,300.0,basic,referral,US,2.0,4.6,user217@domain17.com,wearable,Apr,3.4980689857095966
0,30.0,61000.0,2.0,pro,organic,US,9.0,16.0,user4@domain4.com,desktop,Oct,
0,33.0,82000.0,4.0,pro,ads,US,10.0,15.5,user768@domain18.com,mobile,Dec,12.244225766225108
0,35.0,88000.0,1.0,,referral,CA,15.0,18.2,user642@domain42.com,mobile,Sep,17.280262869293914
0,29.0,32000.0,,basic,referral,US,98.81171520871263,4.1,user929@domain29.com,,Jan,37.54674080441559
0,26.0,68000.0,,,organic,US,246.2718423666555,17.0,user612@domain12.com,desktop,Nov,76.48731459369691
0,29.0,64000.0,,,,GB,8.0,,user738@domain38.com,smart_tv,Feb,
0,27.0,70000.0,5.0,pro,referral,CA,12.0,14.4,user546@domain46.com,mobile,Oct,14.159916386730623
0,55.0,,300.0,,ads,US,2.0,4.5,user725@domain25.com,mobile,Feb,7.222340473529616
0,22.0,31000.0,120.0,basic,ads,GB,1.0,3.1,user683@domain33.com,tablet,Sep,-1.5290390673718584
0,29.0,,9.0,pro,organic,GB,8.0,,user98@domain48.com,desktop,Nov,3.835650246698304
0,30.0,61000.0,,pro,organic,US,9.0,,user804@domain4.com,desktop,Sep,11.93770498682178
0,,596434.3863475658,,basic,,GB,4.0,,user727@domain27.com,smart_tv,Jul,9.732221637611797
0,52.0,114925.37582189751,250.0,basic,ads,GB,42.25000287320175,4.0,user573@domain23.com,desktop,Feb,3.379142076891654
0,27.0,,5.0,pro,referral,CA,12.0,14.4,user406@domain6.com,mobile,Sep,17.556301220375527
0,35.0,88000.0,1.0,pro,referral,CA,15.0,18.2,user502@domain2.com,desktop,Dec,20.31943045909831
0,38.0,50000.0,90.0,basic,organic,GB,4.0,6.2,user47@domain47.com,mobile,Aug,
0,26.0,,3.0,pro,organic,US,11.0,17.0,user32@domain32.com,mobile,Sep,16.082419951763885
1,60.0,38000.0,400.0,basic,ads,US,1.0,2.5,user779@domain29.com,desktop,Aug,-2.0991819704387433
0,60.0,38000.0,400.0,basic,ads,US,1.0,2.5,user839@domain39.com,mobile,Jun,8.86194192173242
0,28.0,52000.0,3.0,pro,ads,US,7.0,12.5,user200@domain0.com,desktop,Aug,12.539729848454286
0,,90000.0,6.0,pro,referral,US,13.0,,user134@domain34.com,desktop,Jul,13.545470246300434
0,38.0,13598.784139425057,90.0,basic,organic,GB,4.0,6.2,user27@domain27.com,smart_tv,Jul,
0,28.0,52000.0,3.0,,ads,US,7.0,12.5,user880@domain30.com,,May,7.736913312996299
0,31.0,,8.0,,ads,US,,13.9,user230@domain30.com,,Aug,15.181674535841907
0,,117989.94862668328,200.0,basic,referral,US,2.0,,user489@domain39.com,wearable,May,3.1966331714602703
0,26.0,68000.0,22.7817460751465,pro,organic,US,11.0,17.0,user772@domain22.com,desktop,Mar,19.96630753129533
0,,64000.0,9.0,pro,organic,GB,8.0,13.2,user378@domain28.com,smart_tv,Nov,12.699566038568637
0,33.0,82000.0,4.0,pro,ads,US,10.0,15.5,user288@domain38.com,tablet,Dec,20.27444694861399
0,29.0,64000.0,9.0,pro,organic,GB,8.0,13.2,user418@domain18.com,mobile,Aug,12.73756148040641
0,36.0,,,pro,referral,US,13.0,19.0,user674@domain24.com,desktop,Jul,19.5750861611659
0,45.0,,365.0,basic,organic,CA,1.0,2.8,user391@domain41.com,smart_tv,Mar,6.1822682283045225
0,26.0,68000.0,3.0,,organic,US,,17.0,user592@domain42.com,wearable,Mar,12.070641065035954
0,29.0,64000.0,9.0,pro,organic,GB,8.0,13.2,user498@domain48.com,mobile,Feb,22.688863353052263
0,29.0,,,pro,,GB,8.0,13.2,user138@domain38.com,mobile,Nov,8.537518025358104
0,35.0,88000.0,1.0,pro,referral,CA,15.0,18.2,user62@domain12.com,mobile,Nov,24.695088381265872
0,45.0,,365.0,basic,organic,CA,1.0,2.8,user471@domain21.com,desktop,Jan,-1.3098347727786375
0,38.0,50000.0,,,organic,GB,4.0,6.2,user647@domain47.com,tablet,Mar,3.859973944746243
0,33.0,,4.0,pro,ads,US,10.0,15.5,user128@domain28.com,tablet,Oct,15.021138591106858
0,32.0,80000.0,7.0,pro,ads,CA,9.0,12.9,user976@domain26.com,desktop,Jun,8.968807322290758
0,28.0,52000.0,3.0,pro,ads,US,7.0,1.7986424744742098,user520@domain20.com,desktop,Aug,5.013224062285736
0,29.0,64000.0,9.0,pro,organic,GB,8.0,13.2,user838@domain38.com,desktop,Jul,12.276196930828483
0,35.0,88000.0,1.0,pro,referral,CA,15.0,,user962@domain12.com,wearable,Jun,15.598521444428208
0,30.0,61000.0,2.0,pro,organic,US,9.0,16.0,user64@domain14.com,mobile,Jul,20.142424083054635
0,26.0,68000.0,3.0,pro,,US,350.89851065356817,17.0,user812@domain12.com,desktop,Sep,117.51372506843678
0,36.0,90000.0,6.0,pro,referral,US,,19.0,user14@domain14.com,desktop,Feb,11.470000530841997
0,32.0,80000.0,7.0,pro,ads,CA,9.0,12.9,user156@domain6.com,desktop,Jul,12.475899013712418
0,,52000.0,3.0,pro,ads,US,7.0,12.5,user40@domain40.com,mobile,Aug,1.5828280689834546
0,,68000.0,,pro,,US,11.0,17.0,user492@domain42.com,mobile,Aug,18.549783125625126
0,60.0,,400.0,basic,ads,US,1.0,2.5,user379@domain29.com,desktop,Dec,2.391757097797141
0,38.0,,90.0,basic,organic,GB,4.0,6.2,user187@domain37.com,desktop,Aug,1.8637951638950963
0,22.0,31000.0,120.0,,ads,GB,1.0,3.1,user763@domain13.com,,Aug,
0,,80000.0,,pro,ads,CA,9.0,12.9,user216@domain16.com,mobile,Oct,19.49177594428057
0,45.0,42000.0,365.0,basic,,CA,1.0,2.8,user791@domain41.com,wearable,Jun,0.7420191921190571
0,26.0,49998.59200465496,17.88765369611847,pro,organic,US,11.0,17.0,user52@domain2.com,mobile,Jan,11.887485778458592
0,29.0,64000.0,42.91710929584241,pro,organic,GB,,33.53732199679123,user878@domain28.com,tablet,Oct,19.00475921083245
1,48.0,43000.0,300.0,basic,referral,US,2.0,4.6,user337@domain37.com,desktop,Oct,14.251700125159394
0,33.0,82000.0,,pro,,US,10.0,15.5,user748@domain48.com,desktop,Apr,13.195764056251079
0,60.0,,400.0,basic,,US,1.0,2.5,user719@domain19.com,mobile,May,-8.448557324090167
0,30.0,61000.0,2.0,pro,organic,US,151.76865652051364,16.0,user724@domain24.com,desktop,Mar,51.99482025140366
0,23.0,29000.0,140.0,basic,organic,US,16.826945239252925,3.2,user295@domain45.com,desktop,Mar,7.046212266303404
0,41.0,39000.0,45.0,basic,organic,US,3.0,5.0,user701@domain1.com,desktop,Jul,10.887928982385754
0,45.0,42000.0,365.0,basic,organic,CA,13.302012166537063,2.8,user251@domain1.com,desktop,Feb,
0,27.0,,5.0,,,CA,12.0,14.4,user726@domain26.com,mobile,Dec,4.9167313612322445
0,,39000.0,45.0,basic,organic,US,33.89854405746837,5.0,user461@domain11.com,wearable,Jul,22.34401160670714
0,23.0,29000.0,140.0,basic,,US,1.0,,user455@domain5.com,mobile,Dec,5.6522354704608055
0,,,7.0,pro,ads,CA,9.0,12.9,user996@domain46.com,tablet,Nov,9.756847753627314
0,23.0,29000.0,140.0,basic,organic,US,1.0,0.44598868578137135,user815@domain15.com,desktop,Aug,1.3498756670113532
0,35.0,88000.0,1.0,pro,referral,CA,15.0,18.2,user862@domain12.com,smart_tv,Jul,
1,,,200.0,basic,referral,US,2.0,4.1,user269@domain19.com,desktop,Aug,2.537005924150095
0,,,171.99095253119697,,organic,US,3.0,5.0,user201@domain1.com,smart_tv,Dec,12.011902340370234
0,41.0,39000.0,45.0,basic,organic,US,3.0,5.0,user161@domain11.com,mobile,Jul,8.575523988863244
0,23.0,29000.0,140.0,basic,organic,US,1.0,3.2,user555@domain5.com,wearable,Dec,5.0711825904183145
0,29.0,32000.0,200.0,basic,referral,US,2.0,4.1,user729@domain29.com,desktop,Sep,
0,41.0,39000.0,45.0,,organic,US,3.0,5.0,user401@domain1.com,mobile,Sep,
0,35.0,88000.0,1.0,pro,referral,CA,15.0,18.2,user702@domain2.com,desktop,Mar,6.743531922756706
0,32.0,80000.0,,pro,ads,CA,9.0,12.9,user476@domain26.com,desktop,Sep,3.193357497537324
0,41.0,,45.0,basic,,US,,,user821@domain21.com,mobile,Feb,6.118712233536664
0,,42000.0,365.0,basic,organic,CA,1.0,,user771@domain21.com,mobile,Dec,2.5473185267635463
0,55.0,45000.0,300.0,basic,,US,2.0,4.5,user105@domain5.com,mobile,Mar,8.481082393311093
0,55.0,,300.0,basic,ads,US,2.0,4.5,user565@domain15.com,desktop,Sep,-0.32450711264274457
0,29.0,32000.0,1983.766692561792,basic,referral,US,2.0,4.1,user389@domain39.com,mobile,Feb,-4.334606973505926
1,41.0,39000.0,45.0,basic,,US,3.0,5.0,user1@domain1.com,mobile,Mar,
0,,43000.0,300.0,basic,referral,US,2.0,55.32400043009883,user937@domain37.com,,Jan,
0,,88000.0,1.0,pro,referral,CA,15.0,,user982@domain32.com,desktop,Feb,19.784084382145437
0,41.0,39000.0,45.0,basic,organic,US,3.0,5.0,user561@domain11.com,desktop,Apr,7.953355043026974
0,28.0,52000.0,16.09401928525309,pro,ads,US,7.0,,user80@domain30.com,,May,
0,,45000.0,300.0,basic,ads,US,2.0,4.5,user205@domain5.com,desktop,Jan,-5.249013378754469
0,36.0,90000.0,6.0,pro,,US,147.7541845017095,,user34@domain34.com,mobile,Nov,
0,23.0,29000.0,140.0,basic,organic,US,1.0,57.90644708070179,user775@domain25.com,desktop,Dec,44.99391917286973
0,,82000.0,,pro,ads,US,10.0,,user508@domain8.com,desktop,Nov,10.490948600075951
0,,50000.0,90.0,basic,organic,GB,4.0,6.2,user427@domain27.com,desktop,Mar,5.819751366442601
0,36.0,,6.0,pro,referral,US,13.0,19.0,user454@domain4.com,,Sep,26.616357748995277
0,27.0,70000.0,5.0,pro,referral,CA,12.0,14.4,user366@domain16.com,mobile,Feb,15.826818009124889
0,45.0,42000.0,365.0,basic,organic,CA,1.0,,user91@domain41.com,mobile,Feb,11.3973071825429
0,60.0,38000.0,400.0,basic,ads,US,1.0,2.5,user339@domain39.com,mobile,Jan,0.4842451723212353
0,48.0,43000.0,300.0,basic,referral,US,2.0,4.6,user897@domain47.com,mobile,May,1.4837369642574534
0,,61000.0,2.0,pro,organic,US,9.0,,user564@domain14.com,mobile,Dec,
0,,45000.0,300.0,basic,ads,US,2.0,23.638679892496818,user345@domain45.com,mobile,Oct,12.751060801602561
0,32.0,80000.0,,pro,ads,CA,9.0,12.9,user776@domain26.com,mobile,May,8.178581624570409
0,41.0,,45.0,basic,organic,US,3.0,5.0,user241@domain41.com,mobile,Dec,
0,52.0,40000.0,250.0,basic,,GB,2.0,4.0,user13@domain13.com,desktop,May,-3.6710056709469687
0,,29000.0,140.0,,organic,US,1.0,3.2,user315@domain15.com,desktop,Aug,8.291627589029401
0,28.0,52000.0,3.0,pro,ads,US,7.0,12.5,user600@domain0.com,mobile,Oct,12.582714188106145
0,38.0,50000.0,90.0,,organic,GB,4.0,,user387@domain37.com,mobile,Jan,3.3778535942670453
0,52.0,40000.0,250.0,basic,ads,GB,,4.0,user273@domain23.com,mobile,Sep,4.685648124507804
0,27.0,70000.0,,pro,referral,CA,12.0,14.4,user166@domain16.com,mobile,Sep,12.81569497748675
0,28.0,52000.0,,pro,ads,US,7.0,12.5,user840@domain40.com,desktop,Apr,10.358845973787089
0,26.0,,3.0,,organic,US,11.0,17.0,user992@domain42.com,desktop,Sep,16.88350096437592
0,,70000.0,5.0,pro,,CA,12.0,14.4,user646@domain46.com,desktop,Oct,9.246766603085847
0,29.0,64000.0,,,organic,GB,8.0,13.2,user818@domain18.com,mobile,Aug,8.692692272904473
0,30.0,61000.0,2.0,pro,organic,US,9.0,16.0,user484@domain34.com,tablet,Oct,11.320770520135458
0,,52000.0,3.0,pro,,US,,,user980@domain30.com,desktop,Aug,3.6366256309394815
0,30.0,61000.0,2.0,pro,,US,,16.0,user504@domain4.com,desktop,Dec,7.476820616529756
0,45.0,42000.0,365.0,basic,organic,CA,1.0,2.8,user831@domain31.com,desktop,May,-7.5360473681935165
0,22.0,31000.0,120.0,basic,ads,GB,1.0,3.1,user243@domain43.com,tablet,Nov,
0,27.0,70000.0,5.0,pro,referral,CA,12.0,14.4,user566@domain16.com,desktop,Nov,18.952153251939095
0,23.0,29000.0,140.0,basic,organic,US,1.0,3.2,user875@domain25.com,desktop,Jul,7.428008942615985
0,,88000.0,1.0,pro,referral,CA,15.0,18.2,user562@domain12.com,mobile,Jun,19.899876814763964
0,,70000.0,5.0,pro,,CA,12.0,14.4,user686@domain36.com,tablet,Apr,7.407656807931491
0,29.0,,,basic,,US,2.0,4.1,user189@domain39.com,,Jun,7.264063587532519
0,35.0,88000.0,1.0,pro,referral,CA,,18.2,user782@domain32.com,mobile,Sep,17.220419382292818
0,60.0,6525.4387387404795,400.0,basic,ads,US,1.0,,user699@domain49.com,mobile,Aug,
0,37.90712765725063,29000.0,140.0,basic,organic,US,1.0,3.2,user475@domain25.com,desktop,Dec,0.2545504846830098
0,41.0,39000.0,45.0,basic,organic,US,,,user681@domain31.com,,Nov,9.509199153547847
0,,76000.0,8.0,pro,ads,US,8.0,13.9,user510@domain10.com,desktop,Jan,14.952037702189287
0,29.0,64000.0,9.0,pro,,GB,,13.2,user58@domain8.com,wearable,Mar,2.6286171456828367
0,36.0,90000.0,,pro,,US,13.0,,user474@domain24.com,mobile,Jun,13.195532501859988
0,28.0,52000.0,3.0,pro,ads,US,7.0,12.5,user560@domain10.com,desktop,May,
0,32.0,80000.0,,pro,ads,CA,9.0,12.9,user856@domain6.com,smart_tv,Aug,17.221908729418665
0,38.0,50000.0,,basic,organic,GB,4.0,6.2,user747@domain47.com,mobile,Jan,13.069713421405696
0,26.0,68000.0,3.0,pro,organic,US,11.0,17.0,user252@domain2.com,desktop,Dec,17.163005134152716
0,41.0,39000.0,45.0,basic,organic,US,3.0,5.0,user21@domain21.com,desktop,Nov,15.103791882570858
0,52.0,40000.0,250.0,,ads,GB,,0.27080082251261006,user313@domain13.com,mobile,Jan,5.172404518719068
1,60.0,38000.0,400.0,basic,,US,,2.5,user459@domain9.com,desktop,Feb,0.8233622040842592
0,28.0,52000.0,,pro,ads,US,7.0,12.5,user160@domain10.com,desktop,Jun,8.587444463727007
0,32.0,80000.0,7.0,pro,ads,CA,9.0,12.9,user276@domain26.com,smart_tv,Aug,13.283692389888229
0,23.0,29000.0,140.0,basic,organic,US,1.0,3.2,user955@domain5.com,desktop,Feb,2.4252321755330772
0,,,365.0,basic,,CA,,2.8,user191@domain41.com,smart_tv,Aug,-4.536054093476738
0,55.0,45000.0,,,ads,US,2.0,4.5,user385@domain35.com,mobile,Jul,4.193007736388881
0,55.0,,300.0,basic,ads,US,2.0,4.5,user805@domain5.com,desktop,Jun,-0.7133750516547241
0,,,250.0,basic,ads,GB,2.0,4.0,user413@domain13.com,mobile,Apr,3.451183823044641
1,45.0,42000.0,365.0,basic,,CA,1.0,,user491@domain41.com,wearable,Jun,5.986732080925799
0,22.0,3678.118996934234,120.0,basic,ads,GB,1.0,3.1,user343@domain43.com,desktop,Oct,8.84813754927308
0,29.0,32000.0,200.0,basic,referral,US,2.0,4.1,user769@domain19.com,desktop,Feb,1.2195181335628158
0,33.0,82000.0,4.0,pro,ads,US,10.0,15.5,user308@domain8.com,mobile,Feb,15.613565729209098
0,,39000.0,45.0,basic,organic,US,3.0,5.0,user661@domain11.com,mobile,Aug,2.966622263499133
0,31.0,76000.0,8.0,pro,ads,US,,13.9,user130@domain30.com,desktop,Jun,9.159420079350078
0,22.0,31000.0,120.0,basic,,GB,1.0,3.1,user663@domain13.com,tablet,Sep,5.701863640653297
1,45.0,7630.3425338799525,365.0,basic,organic,CA,,32.18010269451147,user871@domain21.com,desktop,Nov,
0,60.0,38000.0,400.0,basic,ads,US,1.0,2.5,user99@domain49.com,desktop,Jun,-2.0587850930613243
0,26.0,68000.0,,pro,organic,US,11.0,17.0,user372@domain22.com,tablet,Jul,20.24609390153257
0,38.0,50000.0,90.0,basic,organic,GB,4.0,,user87@domain37.com,mobile,Sep,7.087867934206437
0,,64000.0,9.0,pro,organic,GB,8.0,13.2,user458@domain8.com,,May,5.74573921702613
0,,76000.0,8.0,pro,ads,US,8.0,13.9,user330@domain30.com,smart_tv,Apr,14.244347398612527
0,36.0,90000.0,6.0,pro,referral,US,13.0,19.0,user214@domain14.com,tablet,Feb,12.970777116066145
0,27.0,70000.0,5.0,pro,referral,CA,12.0,14.4,user466@domain16.com,tablet,Apr,4.8080343454312295
0,41.0,,45.0,basic,organic,US,3.0,,user121@domain21.com,mobile,May,
0,,,6.0,pro,referral,US,13.0,19.0,user614@domain14.com,,Apr,
0,28.0,52000.0,3.0,pro,ads,US,7.0,12.5,user20@domain20.com,mobile,Jun,11.521682680098
0,28.0,52000.0,3.0,pro,ads,US,7.0,,user700@domain0.com,tablet,Jun,13.965669208582582
1,45.0,42000.0,365.0,basic,organic,CA,1.0,2.8,user71@domain21.com,desktop,Jan,5.528393185606776
0,,,,pro,referral,CA,12.0,14.4,user106@domain6.com,mobile,Jun,11.947418166588484
0,31.0,76000.0,54.75856850626192,pro,,US,8.0,13.9,user270@domain20.com,mobile,Jan,
0,,,3.0,pro,,US,7.0,12.5,user860@domain10.com,smart_tv,Mar,12.484330637369663
0,23.0,,140.0,basic,organic,US,1.0,3.2,user435@domain35.com,tablet,Jul,6.406707427902965
0,35.0,88000.0,1.0,pro,referral,CA,15.0,18.2,user102@domain2.com,desktop,Dec,
