transaction_id,user_id,country,amount,currency,date,status
TX0001,u1001,United States,"$1,234.56",USD,2024-03-15,Completed
TX0001,u1002,United Kingdom,"£1,234.56",GBP,03/15/2024,completed
TX0002,u1003,France,"1.234,56",EUR,15-03-2024,Pending
TX0003,u1004,Japan,"¥150,000",JPY,2023/12/01,FAILED
TX0004,u1005,India,"₹98,765.43",INR,"March 5, 2024",completed
TX0005,u1006,Germany,"",EUR,2024-04-20,Pending
TX0006,u1007,Spain,-500.00,EUR,2025-01-10,Completed
TX0007,u1008,Brazil,"R$ 2.345,67",BRL,2026-07-30,Success
TX0008,u1009,Canada,"CAD1,500.75",CAD,2022-11-22,pending
TX0009,u1010,Italy,"1.234,56",EUR,2020-01-01,Failed
TX0010,u1011,China,"¥0",JPY,2021-06-15,Completed
TX0001,u1012,Australia,"A$999.99",AUD,2024-09-01,completed
,u1013,Mexico,"$1,000.00",USD,2023-08-12,Pending
TX0012,u1014,"",12.50,USD,2024-02-29,InvalidStatus
TX0013,u1015,Netherlands,"1.234,56",EUR,"InvalidDate",completed
TX0014,u1016,Sweden,"1 234,56",SEK,2024-10-05,Completed
TX0015,u1017,Portugal,"€ -750,00",EUR,2024-05-18,pending
TX0016,u1018,Argentina,"ARS 45.678,90",ARS,2023-03-22,Failed
TX0017,u1019,Switzerland,"CHF1,200.00",CHF,2024-07-11,Completed
TX0018,u1020,Thailand,"฿35,000",THB,2022-04-30,completed
TX0019,u1021,New Zealand,"NZ$2,100.45",NZD,2025-12-31,Pending
TX0020,u1022,Poland,"1 234,56 zł",PLN,2024-11-01,Completed
TX0021,u1023,Egypt,"EGP 5,000.00",EGP,2023-09-15,failed
TX0022,u1024,South Africa,"R 8,765.43",ZAR,2024-06-20,Completed
TX0023,u1025,Russia,"₽120,000",RUB,2021-12-12,pending
TX0024,u1026,Singapore,"S$ 3,456.78",SGD,2024-08-08,Completed
TX0025,u1027,Israel,"₪4,500",ILS,2023-05-05,failed
TX0026,u1028,Malaysia,"RM 2,345.67",MYR,2024-03-03,Completed
TX0027,u1029,Philippines,"₱55,000",PHP,2022-10-10,pending
TX0028,u1030,Vietnam,"₫23,000,000",VND,2024-01-01,Completed
TX0029,u1031,Indonesia,"Rp 15,000,000",IDR,2023-07-07,failed
TX0030,u1032,Chile,"CLP 1.234.567",CLP,2024-04-04,Completed
TX0031,u1033,Peru,"S/ 3,500.00",PEN,2023-11-11,pending
TX0032,u1034,Colombia,"COP 4,500,000",COP,2024-02-02,Completed
TX0033,u1035,"UnknownCountry","1,234.56",USD,2024-12-12,completed
TX0034,u1036,United States,"1,234.56",USD,2025-01-01,Completed
TX0035,u1037,France,"1.234,56",EUR,2019-12-31,Pending
TX0036,u1038,Japan,"¥-10,000",JPY,2024-09-09,failed
TX0037,u1039,India,"₹0.00",INR,2024-10-10,Completed
TX0038,u1040,Germany,"1.234,56",EUR,"2024-13-01",completed
TX0039,u1041,Spain,"1.234,56",EUR,2024-02-30,Pending
TX0040,u1042,Canada,"CAD 1,234.56",CAD,2024-03-31,Completed
TX0041,u1043,United States,"$999.99",USD,2024-06-01,Completed
TX0042,u1044,United Kingdom,"£500.00",GBP,2024-06-02,Pending
TX0043,u1045,Germany,"€1,000.00",EUR,2024-06-03,Completed
TX0044,u1046,France,"2.500,75",EUR,2024-06-04,Failed
TX0045,u1047,Italy,"€750,50",EUR,2024-06-05,completed
TX0046,u1048,Spain,"1.234,56",EUR,2024-06-06,Pending
TX0047,u1049,Portugal,"€300.00",EUR,2024-06-07,Completed
TX0048,u1050,Netherlands,"1.234,56",EUR,2024-06-08,Failed
TX0049,u1051,Belgium,"€600.00",EUR,2024-06-09,completed
TX0050,u1052,Austria,"€400.00",EUR,2024-06-10,Pending
TX0051,u1053,Japan,"¥100,000",JPY,2024-06-11,Completed
TX0052,u1054,India,"₹50,000.00",INR,2024-06-12,Failed
TX0053,u1055,China,"¥80,000",JPY,2024-06-13,completed
TX0054,u1056,South Korea,"₩1,200,000",KRW,2024-06-14,Pending
TX0055,u1057,United States,"$2,500.00",USD,2024-06-15,Completed
TX0056,u1058,Canada,"CAD 3,000.00",CAD,2024-06-16,Failed
TX0057,u1059,Australia,"A$1,800.00",AUD,2024-06-17,completed
TX0058,u1060,New Zealand,"NZ$1,200.00",NZD,2024-06-18,Pending
TX0059,u1061,Singapore,"S$4,000.00",SGD,2024-06-19,Completed
TX0060,u1062,Malaysia,"RM 5,000.00",MYR,2024-06-20,Failed
TX0061,u1063,Thailand,"฿60,000",THB,2024-06-21,completed
TX0062,u1064,Indonesia,"Rp 20,000,000",IDR,2024-06-22,Pending
TX0063,u1065,Philippines,"₱70,000",PHP,2024-06-23,Completed
TX0064,u1066,Vietnam,"₫30,000,000",VND,2024-06-24,Failed
TX0065,u1067,Brazil,"R$ 3,000.00",BRL,2024-06-25,completed
TX0066,u1068,Argentina,"ARS 50,000.00",ARS,2024-06-26,Pending
TX0067,u1069,Chile,"CLP 1,500,000",CLP,2024-06-27,Completed
TX0068,u1070,Peru,"S/ 4,000.00",PEN,2024-06-28,Failed
TX0069,u1071,Colombia,"COP 5,000,000",COP,2024-06-29,completed
TX0070,u1072,Mexico,"$1,500.00",USD,2024-06-30,Pending
TX0071,u1073,United States,"$1,000.00",USD,2024-07-01,Completed
TX0072,u1074,United Kingdom,"£800.00",GBP,2024-07-02,Failed
TX0073,u1075,Germany,"€900.00",EUR,2024-07-03,completed
TX0074,u1076,France,"1.800,25",EUR,2024-07-04,Pending
TX0075,u1077,Italy,"€1,200.00",EUR,2024-07-05,Completed
TX0076,u1078,Spain,"2.345,67",EUR,2024-07-06,Failed
TX0077,u1079,Portugal,"€500.00",EUR,2024-07-07,completed
TX0078,u1080,Netherlands,"1.500,00",EUR,2024-07-08,Pending
TX0079,u1081,Belgium,"€700.00",EUR,2024-07-09,Completed
TX0080,u1082,Austria,"€450.00",EUR,2024-07-10,Failed
TX0081,u1083,Japan,"¥200,000",JPY,2024-07-11,completed
TX0082,u1084,India,"₹75,000.00",INR,2024-07-12,Pending
TX0083,u1085,China,"¥90,000",JPY,2024-07-13,Completed
TX0084,u1086,South Korea,"₩1,500,000",KRW,2024-07-14,Failed
TX0085,u1087,United States,"$3,000.00",USD,2024-07-15,completed
TX0086,u1088,Canada,"CAD 3,500.00",CAD,2024-07-16,Pending
TX0087,u1089,Australia,"A$2,000.00",AUD,2024-07-17,Completed
TX0088,u1090,New Zealand,"NZ$1,400.00",NZD,2024-07-18,Failed
TX0089,u1091,Singapore,"S$4,500.00",SGD,2024-07-19,completed
TX0090,u1092,Malaysia,"RM 5,500.00",MYR,2024-07-20,Pending
TX0091,u1093,Thailand,"฿70,000",THB,2024-07-21,Completed
TX0092,u1094,Indonesia,"Rp 25,000,000",IDR,2024-07-22,Failed
TX0093,u1095,Philippines,"₱80,000",PHP,2024-07-23,completed
TX0094,u1096,Vietnam,"₫35,000,000",VND,2024-07-24,Pending
TX0095,u1097,Brazil,"R$ 3,500.00",BRL,2024-07-25,Completed
TX0096,u1098,Argentina,"ARS 55,000.00",ARS,2024-07-26,Failed
TX0097,u1099,Chile,"CLP 1,800,000",CLP,2024-07-27,completed
TX0098,u1100,Peru,"S/ 4,500.00",PEN,2024-07-28,Pending
TX0099,u1101,Colombia,"COP 6,000,000",COP,2024-07-29,Completed
TX0100,u1102,Mexico,"$1,800.00",USD,2024-07-30,Failed
TX0101,u1103,United States,"$1,200.00",USD,2024-08-01,completed
TX0102,u1104,United Kingdom,"£900.00",GBP,2024-08-02,Pending
TX0103,u1105,Germany,"€1,000.00",EUR,2024-08-03,Completed
TX0104,u1106,France,"2.000,00",EUR,2024-08-04,Failed
TX0105,u1107,Italy,"€800.00",EUR,2024-08-05,completed
TX0106,u1108,Spain,"1.500,00",EUR,2024-08-06,Pending
TX0107,u1109,Portugal,"€600.00",EUR,2024-08-07,Completed
TX0108,u1110,Netherlands,"1.600,00",EUR,2024-08-08,Failed
TX0109,u1111,Belgium,"€800.00",EUR,2024-08-09,completed
TX0110,u1112,Austria,"€500.00",EUR,2024-08-10,Pending
TX0111,u1113,Japan,"¥250,000",JPY,2024-08-11,Completed
TX0112,u1114,India,"₹100,000.00",INR,2024-08-12,Failed
TX0113,u1115,China,"¥100,000",JPY,2024-08-13,completed
TX0114,u1116,South Korea,"₩2,000,000",KRW,2024-08-14,Pending
TX0115,u1117,United States,"$4,000.00",USD,2024-08-15,Completed
TX0116,u1118,Canada,"CAD 4,000.00",CAD,2024-08-16,Failed
TX0117,u1119,Australia,"A$2,500.00",AUD,2024-08-17,completed
TX0118,u1120,New Zealand,"NZ$1,600.00",NZD,2024-08-18,Pending
TX0119,u1121,Singapore,"S$5,000.00",SGD,2024-08-19,Completed
TX0120,u1122,Malaysia,"RM 6,000.00",MYR,2024-08-20,Failed
TX0121,u1123,Thailand,"฿80,000",THB,2024-08-21,completed
TX0122,u1124,Indonesia,"Rp 30,000,000",IDR,2024-08-22,Pending
TX0123,u1125,Philippines,"₱90,000",PHP,2024-08-23,Completed
TX0124,u1126,Vietnam,"₫40,000,000",VND,2024-08-24,Failed
TX0125,u1127,Brazil,"R$ 4,000.00",BRL,2024-08-25,completed
TX0126,u1128,Argentina,"ARS 60,000.00",ARS,2024-08-26,Pending
TX0127,u1129,Chile,"CLP 2,000,000",CLP,2024-08-27,Completed
TX0128,u1130,Peru,"S/ 5,000.00",PEN,2024-08-28,Failed
TX0129,u1131,Colombia,"COP 7,000,000",COP,2024-08-29,completed
TX0130,u1132,Mexico,"$2,000.00",USD,2024-08-30,Pending
TX0131,u1133,United States,"$1,500.00",USD,2024-09-01,Completed
TX0132,u1134,United Kingdom,"£1,000.00",GBP,2024-09-02,Failed
TX0133,u1135,Germany,"€1,100.00",EUR,2024-09-03,completed
TX0134,u1136,France,"2.100,00",EUR,2024-09-04,Pending
TX0135,u1137,Italy,"€900.00",EUR,2024-09-05,Completed
TX0136,u1138,Spain,"1.600,00",EUR,2024-09-06,Failed
TX0137,u1139,Portugal,"€700.00",EUR,2024-09-07,completed
TX0138,u1140,Netherlands,"1.700,00",EUR,2024-09-08,Pending
TX0139,u1141,Belgium,"€900.00",EUR,2024-09-09,Completed
TX0140,u1142,Austria,"€550.00",EUR,2024-09-10,Failed
TX0141,u1143,Japan,"¥300,000",JPY,2024-09-11,completed
TX0142,u1144,India,"₹120,000.00",INR,2024-09-12,Pending
TX0143,u1145,China,"¥110,000",JPY,2024-09-13,Completed
TX0144,u1146,South Korea,"₩2,500,000",KRW,2024-09-14,Failed
TX0145,u1147,United States,"$5,000.00",USD,2024-09-15,completed
TX0146,u1148,Canada,"CAD 4,500.00",CAD,2024-09-16,Pending
TX0147,u1149,Australia,"A$3,000.00",AUD,2024-09-17,Completed
TX0148,u1150,New Zealand,"NZ$1,800.00",NZD,2024-09-18,Failed
TX0149,u1151,Singapore,"S$5,500.00",SGD,2024-09-19,completed
TX0150,u1152,Malaysia,"RM 6,500.00",MYR,2024-09-20,Pending
TX0151,u1153,Thailand,"฿90,000",THB,2024-09-21,Completed
TX0152,u1154,Indonesia,"Rp 35,000,000",IDR,2024-09-22,Failed
TX0153,u1155,Philippines,"₱100,000",PHP,2024-09-23,completed
TX0154,u1156,Vietnam,"₫45,000,000",VND,2024-09-24,Pending
TX0155,u1157,Brazil,"R$ 4,500.00",BRL,2024-09-25,Completed
TX0156,u1158,Argentina,"ARS 65,000.00",ARS,2024-09-26,Failed
TX0157,u1159,Chile,"CLP 2,200,000",CLP,2024-09-27,completed
TX0158,u1160,Peru,"S/ 5,500.00",PEN,2024-09-28,Pending
TX0159,u1161,Colombia,"COP 8,000,000",COP,2024-09-29,Completed
TX0160,u1162,Mexico,"$2,200.00",USD,2024-09-30,Failed
TX0161,u1163,United States,"$1,600.00",USD,2024-10-01,completed
TX0162,u1164,United Kingdom,"£1,100.00",GBP,2024-10-02,Pending
TX0163,u1165,Germany,"€1,200.00",EUR,2024-10-03,Completed
TX0164,u1166,France,"2.200,00",EUR,2024-10-04,Failed
TX0165,u1167,Italy,"€1,000.00",EUR,2024-10-05,completed
TX0166,u1168,Spain,"1.700,00",EUR,2024-10-06,Pending
TX0167,u1169,Portugal,"€800.00",EUR,2024-10-07,Completed
TX0168,u1170,Netherlands,"1.800,00",EUR,2024-10-08,Failed
TX0169,u1171,Belgium,"€1,000.00",EUR,2024-10-09,completed
TX0170,u1172,Austria,"€600.00",EUR,2024-10-10,Pending
TX0171,u1173,Japan,"¥350,000",JPY,2024-10-11,Completed
TX0172,u1174,India,"₹150,000.00",INR,2024-10-12,Failed
TX0173,u1175,China,"¥120,000",JPY,2024-10-13,completed
TX0174,u1176,South Korea,"₩3,000,000",KRW,2024-10-14,Pending
TX0175,u1177,United States,"$6,000.00",USD,2024-10-15,Completed
TX0176,u1178,Canada,"CAD 5,000.00",CAD,2024-10-16,Failed
TX0177,u1179,Australia,"A$3,500.00",AUD,2024-10-17,completed
TX0178,u1180,New Zealand,"NZ$2,000.00",NZD,2024-10-18,Pending
TX0179,u1181,Singapore,"S$6,000.00",SGD,2024-10-19,Completed
TX0180,u1182,Malaysia,"RM 7,000.00",MYR,2024-10-20,Failed
TX0181,u1183,Thailand,"฿100,000",THB,2024-10-21,completed
TX0182,u1184,Indonesia,"Rp 40,000,000",IDR,2024-10-22,Pending
TX0183,u1185,Philippines,"₱110,000",PHP,2024-10-23,Completed
TX0184,u1186,Vietnam,"₫50,000,000",VND,2024-10-24,Failed
TX0185,u1187,Brazil,"R$ 5,000.00",BRL,2024-10-25,completed
TX0186,u1188,Argentina,"ARS 70,000.00",ARS,2024-10-26,Pending
TX0187,u1189,Chile,"CLP 2,400,000",CLP,2024-10-27,Completed
TX0188,u1190,Peru,"S/ 6,000.00",PEN,2024-10-28,Failed
TX0189,u1191,Colombia,"COP 9,000,000",COP,2024-10-29,completed
TX0190,u1192,Mexico,"$2,400.00",USD,2024-10-30,Pending
TX0191,u1193,United States,"$1,700.00",USD,2024-11-01,Completed
TX0192,u1194,United Kingdom,"£1,200.00",GBP,2024-11-02,Failed
TX0193,u1195,Germany,"€1,300.00",EUR,2024-11-03,completed
TX0194,u1196,France,"2.300,00",EUR,2024-11-04,Pending
TX0195,u1197,Italy,"€1,100.00",EUR,2024-11-05,Completed
TX0196,u1198,Spain,"1.800,00",EUR,2024-11-06,Failed
TX0197,u1199,Portugal,"€900.00",EUR,2024-11-07,completed
TX0198,u1200,Netherlands,"1.900,00",EUR,2024-11-08,Pending
TX0199,u1201,Belgium,"€1,100.00",EUR,2024-11-09,Completed
TX0200,u1202,Austria,"€650.00",EUR,2024-11-10,Failed
TX0201,u1203,Japan,"¥400,000",JPY,2024-11-11,Completed
TX0202,u1204,India,"₹180,000.00",INR,2024-11-12,Failed
TX0203,u1205,China,"¥130,000",JPY,2024-11-13,completed
TX0204,u1206,South Korea,"₩3,500,000",KRW,2024-11-14,Pending
TX0205,u1207,United States,"$7,000.00",USD,2024-11-15,Completed
TX0206,u1208,Canada,"CAD 5,500.00",CAD,2024-11-16,Failed
TX0207,u1209,Australia,"A$4,000.00",AUD,2024-11-17,completed
TX0208,u1210,New Zealand,"NZ$2,200.00",NZD,2024-11-18,Pending
TX0209,u1211,Singapore,"S$6,500.00",SGD,2024-11-19,Completed
TX0210,u1212,Malaysia,"RM 7,500.00",MYR,2024-11-20,Failed
TX0211,u1213,Thailand,"฿110,000",THB,2024-11-21,completed
TX0212,u1214,Indonesia,"Rp 45,000,000",IDR,2024-11-22,Pending
TX0213,u1215,Philippines,"₱120,000",PHP,2024-11-23,Completed
TX0214,u1216,Vietnam,"₫55,000,000",VND,2024-11-24,Failed
TX0215,u1217,Brazil,"R$ 5,500.00",BRL,2024-11-25,completed
TX0216,u1218,Argentina,"ARS 75,000.00",ARS,2024-11-26,Pending
TX0217,u1219,Chile,"CLP 2,600,000",CLP,2024-11-27,Completed
TX0218,u1220,Peru,"S/ 6,500.00",PEN,2024-11-28,Failed
TX0219,u1221,Colombia,"COP 10,000,000",COP,2024-11-29,completed
TX0220,u1222,Mexico,"$2,600.00",USD,2024-11-30,Pending
TX0221,u1223,United States,"$1,800.00",USD,2024-12-01,Completed
TX0222,u1224,United Kingdom,"£1,300.00",GBP,2024-12-02,Failed
TX0223,u1225,Germany,"€1,400.00",EUR,2024-12-03,completed
TX0224,u1226,France,"2.400,00",EUR,2024-12-04,Pending
TX0225,u1227,Italy,"€1,200.00",EUR,2024-12-05,Completed
TX0226,u1228,Spain,"1.900,00",EUR,2024-12-06,Failed
TX0227,u1229,Portugal,"€1,000.00",EUR,2024-12-07,completed
TX0228,u1230,Netherlands,"2.000,00",EUR,2024-12-08,Pending
TX0229,u1231,Belgium,"€1,200.00",EUR,2024-12-09,Completed
TX0230,u1232,Austria,"€700.00",EUR,2024-12-10,Failed
TX0231,u1233,Japan,"¥450,000",JPY,2024-12-11,completed
TX0232,u1234,India,"₹200,000.00",INR,2024-12-12,Pending
TX0233,u1235,China,"¥140,000",JPY,2024-12-13,Completed
TX0234,u1236,South Korea,"₩4,000,000",KRW,2024-12-14,Failed
TX0235,u1237,United States,"$8,000.00",USD,2024-12-15,completed
TX0236,u1238,Canada,"CAD 6,000.00",CAD,2024-12-16,Pending
TX0237,u1239,Australia,"A$4,500.00",AUD,2024-12-17,Completed
TX0238,u1240,New Zealand,"NZ$2,400.00",NZD,2024-12-18,Failed
TX0239,u1241,Singapore,"S$7,000.00",SGD,2024-12-19,completed
TX0240,u1242,Malaysia,"RM 8,000.00",MYR,2024-12-20,Pending
TX0241,u1243,Thailand,"฿120,000",THB,2024-12-21,Completed
TX0242,u1244,Indonesia,"Rp 50,000,000",IDR,2024-12-22,Failed
TX0243,u1245,Philippines,"₱130,000",PHP,2024-12-23,completed
TX0244,u1246,Vietnam,"₫60,000,000",VND,2024-12-24,Pending
TX0245,u1247,Brazil,"R$ 6,000.00",BRL,2024-12-25,Completed
TX0246,u1248,Argentina,"ARS 80,000.00",ARS,2024-12-26,Failed
TX0247,u1249,Chile,"CLP 2,800,000",CLP,2024-12-27,completed
TX0248,u1250,Peru,"S/ 7,000.00",PEN,2024-12-28,Pending
TX0249,u1251,Colombia,"COP 11,000,000",COP,2024-12-29,Completed
TX0250,u1252,Mexico,"$2,800.00",USD,2024-12-30,Failed
TX0251,u1253,United States,"$1,900.00",USD,2024-12-31,completed
TX0252,u1254,United Kingdom,"£1,400.00",GBP,2025-01-01,Pending
TX0253,u1255,Germany,"€1,500.00",EUR,2025-01-02,Completed
TX0254,u1256,France,"2.500,00",EUR,2025-01-03,Failed
TX0255,u1257,Italy,"€1,300.00",EUR,2025-01-04,completed
TX0256,u1258,Spain,"2.000,00",EUR,2025-01-05,Pending
TX0257,u1259,Portugal,"€1,100.00",EUR,2025-01-06,Completed
TX0258,u1260,Netherlands,"2.100,00",EUR,2025-01-07,Failed
TX0259,u1261,Belgium,"€1,300.00",EUR,2025-01-08,completed
TX0260,u1262,Austria,"€750.00",EUR,2025-01-09,Pending
TX0261,u1263,Japan,"¥500,000",JPY,2025-01-10,Completed
TX0262,u1264,India,"₹220,000.00",INR,2025-01-11,Failed
TX0263,u1265,China,"¥150,000",JPY,2025-01-12,completed
TX0264,u1266,South Korea,"₩4,500,000",KRW,2025-01-13,Pending
TX0265,u1267,United States,"$9,000.00",USD,2025-01-14,Completed
TX0266,u1268,Canada,"CAD 6,500.00",CAD,2025-01-15,Failed
TX0267,u1269,Australia,"A$5,000.00",AUD,2025-01-16,completed
TX0268,u1270,New Zealand,"NZ$2,600.00",NZD,2025-01-17,Pending
TX0269,u1271,Singapore,"S$7,500.00",SGD,2025-01-18,Completed
TX0270,u1272,Malaysia,"RM 8,500.00",MYR,2025-01-19,Failed
TX0271,u1273,Thailand,"฿130,000",THB,2025-01-20,completed
TX0272,u1274,Indonesia,"Rp 55,000,000",IDR,2025-01-21,Pending
TX0273,u1275,Philippines,"₱140,000",PHP,2025-01-22,Completed
TX0274,u1276,Vietnam,"₫65,000,000",VND,2025-01-23,Failed
TX0275,u1277,Brazil,"R$ 6,500.00",BRL,2025-01-24,completed
TX0276,u1278,Argentina,"ARS 85,000.00",ARS,2025-01-25,Pending
TX0277,u1279,Chile,"CLP 3,000,000",CLP,2025-01-26,Completed
TX0278,u1280,Peru,"S/ 7,500.00",PEN,2025-01-27,Failed
TX0279,u1281,Colombia,"COP 12,000,000",COP,2025-01-28,completed
TX0280,u1282,Mexico,"$3,000.00",USD,2025-01-29,Pending
TX0281,u1283,United States,"$2,000.00",USD,2025-01-30,Completed
TX0282,u1284,United Kingdom,"£1,500.00",GBP,2025-01-31,Failed
TX0283,u1285,Germany,"€1,600.00",EUR,2025-02-01,completed
TX0284,u1286,France,"2.600,00",EUR,2025-02-02,Pending
TX0285,u1287,Italy,"€1,400.00",EUR,2025-02-03,Completed
TX0286,u1288,Spain,"2.100,00",EUR,2025-02-04,Failed
TX0287,u1289,Portugal,"€1,200.00",EUR,2025-02-05,completed
TX0288,u1290,Netherlands,"2.200,00",EUR,2025-02-06,Pending
TX0289,u1291,Belgium,"€1,400.00",EUR,2025-02-07,Completed
TX0290,u1292,Austria,"€800.00",EUR,2025-02-08,Failed
TX0291,u1293,Japan,"¥550,000",JPY,2025-02-09,completed
TX0292,u1294,India,"₹240,000.00",INR,2025-02-10,Pending
TX0293,u1295,China,"¥160,000",JPY,2025-02-11,Completed
TX0294,u1296,South Korea,"₩5,000,000",KRW,2025-02-12,Failed
TX0295,u1297,United States,"$10,000.00",USD,2025-02-13,completed
TX0296,u1298,Canada,"CAD 7,000.00",CAD,2025-02-14,Pending
TX0297,u1299,Australia,"A$5,500.00",AUD,2025-02-15,Completed
TX0298,u1300,New Zealand,"NZ$2,800.00",NZD,2025-02-16,Failed
TX0299,u1301,Singapore,"S$8,000.00",SGD,2025-02-17,completed
TX0300,u1302,Malaysia,"RM 9,000.00",MYR,2025-02-18,Pending
TX0301,u1303,Thailand,"฿140,000",THB,2025-02-19,Completed
TX0302,u1304,Indonesia,"Rp 60,000,000",IDR,2025-02-20,Failed
TX0303,u1305,Philippines,"₱150,000",PHP,2025-02-21,completed
TX0304,u1306,Vietnam,"₫70,000,000",VND,2025-02-22,Pending
TX0305,u1307,Brazil,"R$ 7,000.00",BRL,2025-02-23,Completed
TX0306,u1308,Argentina,"ARS 90,000.00",ARS,2025-02-24,Failed
TX0307,u1309,Chile,"CLP 3,200,000",CLP,2025-02-25,completed
TX0308,u1310,Peru,"S/ 8,000.00",PEN,2025-02-26,Pending
TX0309,u1311,Colombia,"COP 13,000,000",COP,2025-02-27,Completed
TX0310,u1312,Mexico,"$3,200.00",USD,2025-02-28,Failed
TX0311,u1313,United States,"$2,100.00",USD,2025-03-01,completed
TX0312,u1314,United Kingdom,"£1,600.00",GBP,2025-03-02,Pending
TX0313,u1315,Germany,"€1,700.00",EUR,2025-03-03,Completed
TX0314,u1316,France,"2.700,00",EUR,2025-03-04,Failed
TX0315,u1317,Italy,"€1,500.00",EUR,2025-03-05,completed
TX0316,u1318,Spain,"2.200,00",EUR,2025-03-06,Pending
TX0317,u1319,Portugal,"€1,300.00",EUR,2025-03-07,Completed
TX0318,u1320,Netherlands,"2.300,00",EUR,2025-03-08,Failed
TX0319,u1321,Belgium,"€1,500.00",EUR,2025-03-09,completed
TX0320,u1322,Austria,"€850.00",EUR,2025-03-10,Pending
TX0321,u1323,Japan,"¥600,000",JPY,2025-03-11,Completed
TX0322,u1324,India,"₹260,000.00",INR,2025-03-12,Failed
TX0323,u1325,China,"¥170,000",JPY,2025-03-13,completed
TX0324,u1326,South Korea,"₩5,500,000",KRW,2025-03-14,Pending
TX0325,u1327,United States,"$11,000.00",USD,2025-03-15,Completed
TX0326,u1328,Canada,"CAD 7,500.00",CAD,2025-03-16,Failed
TX0327,u1329,Australia,"A$6,000.00",AUD,2025-03-17,completed
TX0328,u1330,New Zealand,"NZ$3,000.00",NZD,2025-03-18,Pending
TX0329,u1331,Singapore,"S$8,500.00",SGD,2025-03-19,Completed
TX0330,u1332,Malaysia,"RM 9,500.00",MYR,2025-03-20,Failed
TX0331,u1333,Thailand,"฿150,000",THB,2025-03-21,completed
TX0332,u1334,Indonesia,"Rp 65,000,000",IDR,2025-03-22,Pending
TX0333,u1335,Philippines,"₱160,000",PHP,2025-03-23,Completed
TX0334,u1336,Vietnam,"₫75,000,000",VND,2025-03-24,Failed
TX0335,u1337,Brazil,"R$ 7,500.00",BRL,2025-03-25,completed
TX0336,u1338,Argentina,"ARS 95,000.00",ARS,2025-03-26,Pending
TX0337,u1339,Chile,"CLP 3,400,000",CLP,2025-03-27,Completed
TX0338,u1340,Peru,"S/ 8,500.00",PEN,2025-03-28,Failed
TX0339,u1341,Colombia,"COP 14,000,000",COP,2025-03-29,completed
TX0340,u1342,Mexico,"$3,400.00",USD,2025-03-30,Pending
TX0341,u1343,United States,"$2,200.00",USD,2025-03-31,Completed
TX0342,u1344,United Kingdom,"£1,700.00",GBP,2025-04-01,Failed
TX0343,u1345,Germany,"€1,800.00",EUR,2025-04-02,completed
TX0344,u1346,France,"2.800,00",EUR,2025-04-03,Pending
TX0345,u1347,Italy,"€1,600.00",EUR,2025-04-04,Completed
TX0346,u1348,Spain,"2.300,00",EUR,2025-04-05,Failed
TX0347,u1349,Portugal,"€1,400.00",EUR,2025-04-06,completed
TX0348,u1350,Netherlands,"2.400,00",EUR,2025-04-07,Pending
TX0349,u1351,Belgium,"€1,600.00",EUR,2025-04-08,Completed
TX0350,u1352,Austria,"€900.00",EUR,2025-04-09,Failed
TX0351,u1353,Japan,"¥650,000",JPY,2025-04-10,completed
TX0352,u1354,India,"₹280,000.00",INR,2025-04-11,Pending
TX0353,u1355,China,"¥180,000",JPY,2025-04-12,Completed
TX0354,u1356,South Korea,"₩6,000,000",KRW,2025-04-13,Failed
TX0355,u1357,United States,"$12,000.00",USD,2025-04-14,completed
TX0356,u1358,Canada,"CAD 8,000.00",CAD,2025-04-15,Pending
TX0357,u1359,Australia,"A$6,500.00",AUD,2025-04-16,Completed
TX0358,u1360,New Zealand,"NZ$3,200.00",NZD,2025-04-17,Failed
TX0359,u1361,Singapore,"S$9,000.00",SGD,2025-04-18,completed
TX0360,u1362,Malaysia,"RM 10,000.00",MYR,2025-04-19,Pending
TX0361,u1363,Thailand,"฿160,000",THB,2025-04-20,Completed
TX0362,u1364,Indonesia,"Rp 70,000,000",IDR,2025-04-21,Failed
TX0363,u1365,Philippines,"₱170,000",PHP,2025-04-22,completed
TX0364,u1366,Vietnam,"₫80,000,000",VND,2025-04-23,Pending
TX0365,u1367,Brazil,"R$ 8,000.00",BRL,2025-04-24,Completed
TX0366,u1368,Argentina,"ARS 100,000.00",ARS,2025-04-25,Failed
TX0367,u1369,Chile,"CLP 3,600,000",CLP,2025-04-26,completed
TX0368,u1370,Peru,"S/ 9,000.00",PEN,2025-04-27,Pending
TX0369,u1371,Colombia,"COP 15,000,000",COP,2025-04-28,Completed
TX0370,u1372,Mexico,"$3,600.00",USD,2025-04-29,Failed
TX0371,u1373,United States,"$2,300.00",USD,2025-04-30,completed
TX0372,u1374,United Kingdom,"£1,800.00",GBP,2025-05-01,Pending
TX0373,u1375,Germany,"€1,900.00",EUR,2025-05-02,Completed
TX0374,u1376,France,"2.900,00",EUR,2025-05-03,Failed
TX0375,u1377,Italy,"€1,700.00",EUR,2025-05-04,completed
TX0376,u1378,Spain,"2.400,00",EUR,2025-05-05,Pending
TX0377,u1379,Portugal,"€1,500.00",EUR,2025-05-06,Completed
TX0378,u1380,Netherlands,"2.500,00",EUR,2025-05-07,Failed
TX0379,u1381,Belgium,"€1,700.00",EUR,2025-05-08,completed
TX0380,u1382,Austria,"€950.00",EUR,2025-05-09,Pending
TX0381,u1383,Japan,"¥700,000",JPY,2025-05-10,Completed
TX0382,u1384,India,"₹300,000.00",INR,2025-05-11,Failed
TX0383,u1385,China,"¥190,000",JPY,2025-05-12,completed
TX0384,u1386,South Korea,"₩6,500,000",KRW,2025-05-13,Pending
TX0385,u1387,United States,"$13,000.00",USD,2025-05-14,Completed
TX0386,u1388,Canada,"CAD 8,500.00",CAD,2025-05-15,Failed
TX0387,u1389,Australia,"A$7,000.00",AUD,2025-05-16,completed
TX0388,u1390,New Zealand,"NZ$3,400.00",NZD,2025-05-17,Pending
TX0389,u1391,Singapore,"S$9,500.00",SGD,2025-05-18,Completed
TX0390,u1392,Malaysia,"RM 10,500.00",MYR,2025-05-19,Failed
TX0391,u1393,Thailand,"฿170,000",THB,2025-05-20,completed
TX0392,u1394,Indonesia,"Rp 75,000,000",IDR,2025-05-21,Pending
TX0393,u1395,Philippines,"₱180,000",PHP,2025-05-22,Completed
TX0394,u1396,Vietnam,"₫85,000,000",VND,2025-05-23,Failed
TX0395,u1397,Brazil,"R$ 8,500.00",BRL,2025-05-24,completed
TX0396,u1398,Argentina,"ARS 105,000.00",ARS,2025-05-25,Pending
TX0397,u1399,Chile,"CLP 3,800,000",CLP,2025-05-26,Completed
TX0398,u1400,Peru,"S/ 9,500.00",PEN,2025-05-27,Failed
TX0399,u1401,Colombia,"COP 16,000,000",COP,2025-05-28,completed
TX0400,u1402,Mexico,"$3,800.00",USD,2025-05-29,Pending
TX0401,u1403,United States,"$2,400.00",USD,2025-05-30,Completed
TX0402,u1404,United Kingdom,"£1,900.00",GBP,2025-05-31,Failed
TX0403,u1405,Germany,"€2,000.00",EUR,2025-06-01,completed
TX0404,u1406,France,"3.000,00",EUR,2025-06-02,Pending
TX0405,u1407,Italy,"€1,800.00",EUR,2025-06-03,Completed
TX0406,u1408,Spain,"2.500,00",EUR,2025-06-04,Failed
TX0407,u1409,Portugal,"€1,600.00",EUR,2025-06-05,completed
TX0408,u1410,Netherlands,"2.600,00",EUR,2025-06-06,Pending
TX0409,u1411,Belgium,"€1,800.00",EUR,2025-06-07,Completed
TX0410,u1412,Austria,"€1,000.00",EUR,2025-06-08,Failed
TX0411,u1413,Japan,"¥750,000",JPY,2025-06-09,completed
TX0412,u1414,India,"₹320,000.00",INR,2025-06-10,Pending
TX0413,u1415,China,"¥200,000",JPY,2025-06-11,Completed
TX0414,u1416,South Korea,"₩7,000,000",KRW,2025-06-12,Failed
TX0415,u1417,United States,"$14,000.00",USD,2025-06-13,completed
TX0416,u1418,Canada,"CAD 9,000.00",CAD,2025-06-14,Pending
TX0417,u1419,Australia,"A$7,500.00",AUD,2025-06-15,Completed
TX0418,u1420,New Zealand,"NZ$3,600.00",NZD,2025-06-16,Failed
TX0419,u1421,Singapore,"S$10,000.00",SGD,2025-06-17,completed
TX0420,u1422,Malaysia,"RM 11,000.00",MYR,2025-06-18,Pending
TX0421,u1423,Thailand,"฿180,000",THB,2025-06-19,Completed
TX0422,u1424,Indonesia,"Rp 80,000,000",IDR,2025-06-20,Failed
TX0423,u1425,Philippines,"₱190,000",PHP,2025-06-21,completed
TX0424,u1426,Vietnam,"₫90,000,000",VND,2025-06-22,Pending
TX0425,u1427,Brazil,"R$ 9,000.00",BRL,2025-06-23,Completed
TX0426,u1428,Argentina,"ARS 110,000.00",ARS,2025-06-24,Failed
TX0427,u1429,Chile,"CLP 4,000,000",CLP,2025-06-25,completed
TX0428,u1430,Peru,"S/ 10,000.00",PEN,2025-06-26,Pending
TX0429,u1431,Colombia,"COP 17,000,000",COP,2025-06-27,Completed
TX0430,u1432,Mexico,"$4,000.00",USD,2025-06-28,Failed
TX0431,u1433,United States,"$2,500.00",USD,2025-06-29,completed
TX0432,u1434,United Kingdom,"£2,000.00",GBP,2025-06-30,Pending
TX0433,u1435,Germany,"€2,100.00",EUR,2025-07-01,Completed
TX0434,u1436,France,"3.100,00",EUR,2025-07-02,Failed
TX0435,u1437,Italy,"€1,900.00",EUR,2025-07-03,completed
TX0436,u1438,Spain,"2.600,00",EUR,2025-07-04,Pending
TX0437,u1439,Portugal,"€1,700.00",EUR,2025-07-05,Completed
TX0438,u1440,Netherlands,"2.700,00",EUR,2025-07-06,Failed
TX0439,u1441,Belgium,"€1,900.00",EUR,2025-07-07,completed
TX0440,u1442,Austria,"€1,050.00",EUR,2025-07-08,Pending
TX0441,u1443,Japan,"¥800,000",JPY,2025-07-09,Completed
TX0442,u1444,India,"₹340,000.00",INR,2025-07-10,Failed
TX0443,u1445,China,"¥210,000",JPY,2025-07-11,completed
TX0444,u1446,South Korea,"₩7,500,000",KRW,2025-07-12,Pending
TX0445,u1447,United States,"$15,000.00",USD,2025-07-13,Completed
TX0446,u1448,Canada,"CAD 9,500.00",CAD,2025-07-14,Failed
TX0447,u1449,Australia,"A$8,000.00",AUD,2025-07-15,completed
TX0448,u1450,New Zealand,"NZ$3,800.00",NZD,2025-07-16,Pending
TX0449,u1451,Singapore,"S$10,500.00",SGD,2025-07-17,Completed
TX0450,u1452,Malaysia,"RM 11,500.00",MYR,2025-07-18,Failed
TX0451,u1453,Thailand,"฿190,000",THB,2025-07-19,completed
TX0452,u1454,Indonesia,"Rp 85,000,000",IDR,2025-07-20,Pending
TX0453,u1455,Philippines,"₱200,000",PHP,2025-07-21,Completed
TX0454,u1456,Vietnam,"₫95,000,000",VND,2025-07-22,Failed
TX0455,u1457,Brazil,"R$ 9,500.00",BRL,2025-07-23,completed
TX0456,u1458,Argentina,"ARS 115,000.00",ARS,2025-07-24,Pending
TX0457,u1459,Chile,"CLP 4,200,000",CLP,2025-07-25,Completed
TX0458,u1460,Peru,"S/ 10,500.00",PEN,2025-07-26,Failed
TX0459,u1461,Colombia,"COP 18,000,000",COP,2025-07-27,completed
TX0460,u1462,Mexico,"$4,200.00",USD,2025-07-28,Pending
TX0461,u1463,United States,"$2,600.00",USD,2025-07-29,Completed
TX0462,u1464,United Kingdom,"£2,100.00",GBP,2025-07-30,Failed
TX0463,u1465,Germany,"€2,200.00",EUR,2025-07-31,completed
TX0464,u1466,France,"3.200,00",EUR,2025-08-01,Pending
TX0465,u1467,Italy,"€2,000.00",EUR,2025-08-02,Completed
TX0466,u1468,Spain,"2.700,00",EUR,2025-08-03,Failed
TX0467,u1469,Portugal,"€1,800.00",EUR,2025-08-04,completed
TX0468,u1470,Netherlands,"2.800,00",EUR,2025-08-05,Pending
TX0469,u1471,Belgium,"€2,000.00",EUR,2025-08-06,Completed
TX0470,u1472,Austria,"€1,100.00",EUR,2025-08-07,Failed
TX0471,u1473,Japan,"¥850,000",JPY,2025-08-08,completed
TX0472,u1474,India,"₹360,000.00",INR,2025-08-09,Pending
TX0473,u1475,China,"¥220,000",JPY,2025-08-10,Completed
TX0474,u1476,South Korea,"₩8,000,000",KRW,2025-08-11,Failed
TX0475,u1477,United States,"$16,000.00",USD,2025-08-12,completed
TX0476,u1478,Canada,"CAD 10,000.00",CAD,2025-08-13,Pending
TX0477,u1479,Australia,"A$8,500.00",AUD,2025-08-14,Completed
TX0478,u1480,New Zealand,"NZ$4,000.00",NZD,2025-08-15,Failed
TX0479,u1481,Singapore,"S$11,000.00",SGD,2025-08-16,completed
TX0480,u1482,Malaysia,"RM 12,000.00",MYR,2025-08-17,Pending
TX0481,u1483,Thailand,"฿200,000",THB,2025-08-18,Completed
TX0482,u1484,Indonesia,"Rp 90,000,000",IDR,2025-08-19,Failed
TX0483,u1485,Philippines,"₱210,000",PHP,2025-08-20,completed
TX0484,u1486,Vietnam,"₫100,000,000",VND,2025-08-21,Pending
TX0485,u1487,Brazil,"R$ 10,000.00",BRL,2025-08-22,Completed
TX0486,u1488,Argentina,"ARS 120,000.00",ARS,2025-08-23,Failed
TX0487,u1489,Chile,"CLP 4,400,000",CLP,2025-08-24,completed
TX0488,u1490,Peru,"S/ 11,000.00",PEN,2025-08-25,Pending
TX0489,u1491,Colombia,"COP 19,000,000",COP,2025-08-26,Completed
TX0490,u1492,Mexico,"$4,400.00",USD,2025-08-27,Failed
TX0491,u1493,United States,"$2,700.00",USD,2025-08-28,completed
TX0492,u1494,United Kingdom,"£2,200.00",GBP,2025-08-29,Pending
TX0493,u1495,Germany,"€2,300.00",EUR,2025-08-30,Completed
TX0494,u1496,France,"3.300,00",EUR,2025-08-31,Failed
TX0495,u1497,Italy,"€2,100.00",EUR,2025-09-01,completed
TX0496,u1498,Spain,"2.800,00",EUR,2025-09-02,Pending
TX0497,u1499,Portugal,"€1,900.00",EUR,2025-09-03,Completed
TX0498,u1500,Netherlands,"2.900,00",EUR,2025-09-04,Failed
TX0499,u1501,Belgium,"€2,100.00",EUR,2025-09-05,completed
TX0500,u1502,Austria,"€1,150.00",EUR,2025-09-06,Pending
TX0501,u1503,Japan,"¥900,000",JPY,2025-09-07,Completed
TX0502,u1504,India,"₹380,000.00",INR,2025-09-08,Failed
TX0503,u1505,China,"¥230,000",JPY,2025-09-09,completed
TX0504,u1506,South Korea,"₩8,500,000",KRW,2025-09-10,Pending
TX0505,u1507,United States,"$17,000.00",USD,2025-09-11,Completed
TX0506,u1508,Canada,"CAD 10,500.00",CAD,2025-09-12,Failed
TX0507,u1509,Australia,"A$9,000.00",AUD,2025-09-13,completed
TX0508,u1510,New Zealand,"NZ$4,200.00",NZD,2025-09-14,Pending
TX0509,u1511,Singapore,"S$11,500.00",SGD,2025-09-15,Completed
TX0510,u1512,Malaysia,"RM 12,500.00",MYR,2025-09-16,Failed
TX0511,u1513,Thailand,"฿210,000",THB,2025-09-17,completed
TX0512,u1514,Indonesia,"Rp 95,000,000",IDR,2025-09-18,Pending
TX0513,u1515,Philippines,"₱220,000",PHP,2025-09-19,Completed
TX0514,u1516,Vietnam,"₫105,000,000",VND,2025-09-20,Failed
TX0515,u1517,Brazil,"R$ 10,500.00",BRL,2025-09-21,completed
TX0516,u1518,Argentina,"ARS 125,000.00",ARS,2025-09-22,Pending
TX0517,u1519,Chile,"CLP 4,600,000",CLP,2025-09-23,Completed
TX0518,u1520,Peru,"S/ 11,500.00",PEN,2025-09-24,Failed
TX0519,u1521,Colombia,"COP 20,000,000",COP,2025-09-25,completed
TX0520,u1522,Mexico,"$4,600.00",USD,2025-09-26,Pending
TX0521,u1523,United States,"$2,800.00",USD,2025-09-27,Completed
TX0522,u1524,United Kingdom,"£2,300.00",GBP,2025-09-28,Failed
TX0523,u1525,Germany,"€2,400.00",EUR,2025-09-29,completed
TX0524,u1526,France,"3.400,00",EUR,2025-09-30,Pending
TX0525,u1527,Italy,"€2,200.00",EUR,2025-10-01,Completed
TX0526,u1528,Spain,"2.900,00",EUR,2025-10-02,Failed
TX0527,u1529,Portugal,"€2,000.00",EUR,2025-10-03,completed
TX0528,u1530,Netherlands,"3.000,00",EUR,2025-10-04,Pending
TX0529,u1531,Belgium,"€2,200.00",EUR,2025-10-05,Completed
TX0530,u1532,Austria,"€1,200.00",EUR,2025-10-06,Failed
TX0531,u1533,Japan,"¥950,000",JPY,2025-10-07,completed
TX0532,u1534,India,"₹400,000.00",INR,2025-10-08,Pending
TX0533,u1535,China,"¥240,000",JPY,2025-10-09,Completed
TX0534,u1536,South Korea,"₩9,000,000",KRW,2025-10-10,Failed
TX0535,u1537,United States,"$18,000.00",USD,2025-10-11,completed
TX0536,u1538,Canada,"CAD 11,000.00",CAD,2025-10-12,Pending
TX0537,u1539,Australia,"A$9,500.00",AUD,2025-10-13,Completed
TX0538,u1540,New Zealand,"NZ$4,400.00",NZD,2025-10-14,Failed
TX0539,u1541,Singapore,"S$12,000.00",SGD,2025-10-15,completed
TX0540,u1542,Malaysia,"RM 13,000.00",MYR,2025-10-16,Pending
TX0541,u1543,Thailand,"฿220,000",THB,2025-10-17,Completed
TX0542,u1544,Indonesia,"Rp 100,000,000",IDR,2025-10-18,Failed
TX0543,u1545,Philippines,"₱230,000",PHP,2025-10-19,completed
TX0544,u1546,Vietnam,"₫110,000,000",VND,2025-10-20,Pending
TX0545,u1547,Brazil,"R$ 11,000.00",BRL,2025-10-21,Completed
TX0546,u1548,Argentina,"ARS 130,000.00",ARS,2025-10-22,Failed
TX0547,u1549,Chile,"CLP 4,800,000",CLP,2025-10-23,completed
TX0548,u1550,Peru,"S/ 12,000.00",PEN,2025-10-24,Pending
TX0549,u1551,Colombia,"COP 21,000,000",COP,2025-10-25,Completed
TX0550,u1552,Mexico,"$4,800.00",USD,2025-10-26,Failed
TX0551,u1553,United States,"$2,900.00",USD,2025-10-27,completed
TX0552,u1554,United Kingdom,"£2,400.00",GBP,2025-10-28,Pending
TX0553,u1555,Germany,"€2,500.00",EUR,2025-10-29,Completed
TX0554,u1556,France,"3.500,00",EUR,2025-10-30,Failed
TX0555,u1557,Italy,"€2,300.00",EUR,2025-10-31,completed
TX0556,u1558,Spain,"3.000,00",EUR,2025-11-01,Pending
TX0557,u1559,Portugal,"€2,100.00",EUR,2025-11-02,Completed
TX0558,u1560,Netherlands,"3.100,00",EUR,2025-11-03,Failed
TX0559,u1561,Belgium,"€2,300.00",EUR,2025-11-04,completed
TX0560,u1562,Austria,"€1,250.00",EUR,2025-11-05,Pending
TX0561,u1563,Japan,"¥1,000,000",JPY,2025-11-06,Completed
TX0562,u1564,India,"₹420,000.00",INR,2025-11-07,Failed
TX0563,u1565,China,"¥250,000",JPY,2025-11-08,completed
TX0564,u1566,South Korea,"₩9,500,000",KRW,2025-11-09,Pending
TX0565,u1567,United States,"$19,000.00",USD,2025-11-10,Completed
TX0566,u1568,Canada,"CAD 11,500.00",CAD,2025-11-11,Failed
TX0567,u1569,Australia,"A$10,000.00",AUD,2025-11-12,completed
TX0568,u1570,New Zealand,"NZ$4,600.00",NZD,2025-11-13,Pending
TX0569,u1571,Singapore,"S$12,500.00",SGD,2025-11-14,Completed
TX0570,u1572,Malaysia,"RM 13,500.00",MYR,2025-11-15,Failed
TX0571,u1573,Thailand,"฿230,000",THB,2025-11-16,completed
TX0572,u1574,Indonesia,"Rp 105,000,000",IDR,2025-11-17,Pending
TX0573,u1575,Philippines,"₱240,000",PHP,2025-11-18,Completed
TX0574,u1576,Vietnam,"₫115,000,000",VND,2025-11-19,Failed
TX0575,u1577,Brazil,"R$ 11,500.00",BRL,2025-11-20,completed
TX0576,u1578,Argentina,"ARS 135,000.00",ARS,2025-11-21,Pending
TX0577,u1579,Chile,"CLP 5,000,000",CLP,2025-11-22,Completed
TX0578,u1580,Peru,"S/ 12,500.00",PEN,2025-11-23,Failed
TX0579,u1581,Colombia,"COP 22,000,000",COP,2025-11-24,completed
TX0580,u1582,Mexico,"$5,000.00",USD,2025-11-25,Pending
TX0581,u1583,United States,"$3,000.00",USD,2025-11-26,Completed
TX0582,u1584,United Kingdom,"£2,500.00",GBP,2025-11-27,Failed
TX0583,u1585,Germany,"€2,600.00",EUR,2025-11-28,completed
TX0584,u1586,France,"3.600,00",EUR,2025-11-29,Pending
TX0585,u1587,Italy,"€2,400.00",EUR,2025-11-30,Completed
TX0586,u1588,Spain,"3.100,00",EUR,2025-12-01,Failed
TX0587,u1589,Portugal,"€2,200.00",EUR,2025-12-02,completed
TX0588,u1590,Netherlands,"3.200,00",EUR,2025-12-03,Pending
TX0589,u1591,Belgium,"€2,400.00",EUR,2025-12-04,Completed
TX0590,u1592,Austria,"€1,300.00",EUR,2025-12-05,Failed
TX0591,u1593,Japan,"¥1,050,000",JPY,2025-12-06,completed
TX0592,u1594,India,"₹440,000.00",INR,2025-12-07,Pending
TX0593,u1595,China,"¥260,000",JPY,2025-12-08,Completed
TX0594,u1596,South Korea,"₩10,000,000",KRW,2025-12-09,Failed
TX0595,u1597,United States,"$20,000.00",USD,2025-12-10,completed
TX0596,u1598,Canada,"CAD 12,000.00",CAD,2025-12-11,Pending
TX0597,u1599,Australia,"A$10,500.00",AUD,2025-12-12,Completed
TX0598,u1600,New Zealand,"NZ$4,800.00",NZD,2025-12-13,Failed
TX0599,u1601,Singapore,"S$13,000.00",SGD,2025-12-14,completed
TX0600,u1602,Malaysia,"RM 14,000.00",MYR,2025-12-15,Pending
TX0601,u1603,Thailand,"฿240,000",THB,2025-12-16,Completed
TX0602,u1604,Indonesia,"Rp 110,000,000",IDR,2025-12-17,Failed
TX0603,u1605,Philippines,"₱250,000",PHP,2025-12-18,completed
TX0604,u1606,Vietnam,"₫120,000,000",VND,2025-12-19,Pending
TX0605,u1607,Brazil,"R$ 12,000.00",BRL,2025-12-20,Completed
TX0606,u1608,Argentina,"ARS 140,000.00",ARS,2025-12-21,Failed
TX0607,u1609,Chile,"CLP 5,200,000",CLP,2025-12-22,completed
TX0608,u1610,Peru,"S/ 13,000.00",PEN,2025-12-23,Pending
TX0609,u1611,Colombia,"COP 23,000,000",COP,2025-12-24,Completed
TX0610,u1612,Mexico,"$5,200.00",USD,2025-12-25,Failed
TX0611,u1613,United States,"$3,100.00",USD,2025-12-26,completed
TX0612,u1614,United Kingdom,"£2,600.00",GBP,2025-12-27,Pending
TX0613,u1615,Germany,"€2,700.00",EUR,2025-12-28,Completed
TX0614,u1616,France,"3.700,00",EUR,2025-12-29,Failed
TX0615,u1617,Italy,"€2,500.00",EUR,2025-12-30,completed
TX0616,u1618,Spain,"3.200,00",EUR,2025-12-31,Pending
TX0617,u1619,Portugal,"€2,300.00",EUR,2026-01-01,Completed
TX0618,u1620,Netherlands,"3.300,00",EUR,2026-01-02,Failed
TX0619,u1621,Belgium,"€2,500.00",EUR,2026-01-03,completed
TX0620,u1622,Austria,"€1,350.00",EUR,2026-01-04,Pending
TX0621,u1623,Japan,"¥1,100,000",JPY,2026-01-05,Completed
TX0622,u1624,India,"₹460,000.00",INR,2026-01-06,Failed
TX0623,u1625,China,"¥270,000",JPY,2026-01-07,completed
TX0624,u1626,South Korea,"₩10,500,000",KRW,2026-01-08,Pending
TX0625,u1627,United States,"$21,000.00",USD,2026-01-09,Completed
TX0626,u1628,Canada,"CAD 12,500.00",CAD,2026-01-10,Failed
TX0627,u1629,Australia,"A$11,000.00",AUD,2026-01-11,completed
TX0628,u1630,New Zealand,"NZ$5,000.00",NZD,2026-01-12,Pending
TX0629,u1631,Singapore,"S$13,500.00",SGD,2026-01-13,Completed
TX0630,u1632,Malaysia,"RM 14,500.00",MYR,2026-01-14,Failed
TX0631,u1633,Thailand,"฿250,000",THB,2026-01-15,completed
TX0632,u1634,Indonesia,"Rp 115,000,000",IDR,2026-01-16,Pending
TX0633,u1635,Philippines,"₱260,000",PHP,2026-01-17,Completed
TX0634,u1636,Vietnam,"₫125,000,000",VND,2026-01-18,Failed
TX0635,u1637,Brazil,"R$ 12,500.00",BRL,2026-01-19,completed
TX0636,u1638,Argentina,"ARS 145,000.00",ARS,2026-01-20,Pending
TX0637,u1639,Chile,"CLP 5,400,000",CLP,2026-01-21,Completed
TX0638,u1640,Peru,"S/ 13,500.00",PEN,2026-01-22,Failed
TX0639,u1641,Colombia,"COP 24,000,000",COP,2026-01-23,completed
TX0640,u1642,Mexico,"$5,400.00",USD,2026-01-24,Pending
TX0641,u1643,United States,"$3,200.00",USD,2026-01-25,Completed
TX0642,u1644,United Kingdom,"£2,700.00",GBP,2026-01-26,Failed
TX0643,u1645,Germany,"€2,800.00",EUR,2026-01-27,completed
TX0644,u1646,France,"3.800,00",EUR,2026-01-28,Pending
TX0645,u1647,Italy,"€2,600.00",EUR,2026-01-29,Completed
TX0646,u1648,Spain,"3.300,00",EUR,2026-01-30,Failed
TX0647,u1649,Portugal,"€2,400.00",EUR,2026-01-31,completed
TX0648,u1650,Netherlands,"3.400,00",EUR,2026-02-01,Pending
TX0649,u1651,Belgium,"€2,600.00",EUR,2026-02-02,Completed
TX0650,u1652,Austria,"€1,400.00",EUR,2026-02-03,Failed
TX0651,u1653,Japan,"¥1,150,000",JPY,2026-02-04,completed
TX0652,u1654,India,"₹480,000.00",INR,2026-02-05,Pending
TX0653,u1655,China,"¥280,000",JPY,2026-02-06,Completed
TX0654,u1656,South Korea,"₩11,000,000",KRW,2026-02-07,Failed
TX0655,u1657,United States,"$22,000.00",USD,2026-02-08,completed
TX0656,u1658,Canada,"CAD 13,000.00",CAD,2026-02-09,Pending
TX0657,u1659,Australia,"A$11,500.00",AUD,2026-02-10,Completed
TX0658,u1660,New Zealand,"NZ$5,200.00",NZD,2026-02-11,Failed
TX0659,u1661,Singapore,"S$14,000.00",SGD,2026-02-12,completed
TX0660,u1662,Malaysia,"RM 15,000.00",MYR,2026-02-13,Pending
TX0661,u1663,Thailand,"฿260,000",THB,2026-02-14,Completed
TX0662,u1664,Indonesia,"Rp 120,000,000",IDR,2026-02-15,Failed
TX0663,u1665,Philippines,"₱270,000",PHP,2026-02-16,completed
TX0664,u1666,Vietnam,"₫130,000,000",VND,2026-02-17,Pending
TX0665,u1667,Brazil,"R$ 13,000.00",BRL,2026-02-18,Completed
TX0666,u1668,Argentina,"ARS 150,000.00",ARS,2026-02-19,Failed
TX0667,u1669,Chile,"CLP 5,600,000",CLP,2026-02-20,completed
TX0668,u1670,Peru,"S/ 14,000.00",PEN,2026-02-21,Pending
TX0669,u1671,Colombia,"COP 25,000,000",COP,2026-02-22,Completed
TX0670,u1672,Mexico,"$5,600.00",USD,2026-02-23,Failed
TX0671,u1673,United States,"$3,300.00",USD,2026-02-24,completed
TX0672,u1674,United Kingdom,"£2,800.00",GBP,2026-02-25,Pending
TX0673,u1675,Germany,"€2,900.00",EUR,2026-02-26,Completed
TX0674,u1676,France,"3.900,00",EUR,2026-02-27,Failed
TX0675,u1677,Italy,"€2,700.00",EUR,2026-02-28,completed
TX0676,u1678,Spain,"3.400,00",EUR,2026-03-01,Pending
TX0677,u1679,Portugal,"€2,500.00",EUR,2026-03-02,Completed
TX0678,u1680,Netherlands,"3.500,00",EUR,2026-03-03,Failed
TX0679,u1681,Belgium,"€2,700.00",EUR,2026-03-04,completed
TX0680,u1682,Austria,"€1,450.00",EUR,2026-03-05,Pending
TX0681,u1683,Japan,"¥1,200,000",JPY,2026-03-06,Completed
TX0682,u1684,India,"₹500,000.00",INR,2026-03-07,Failed
TX0683,u1685,China,"¥290,000",JPY,2026-03-08,completed
TX0684,u1686,South Korea,"₩11,500,000",KRW,2026-03-09,Pending
TX0685,u1687,United States,"$23,000.00",USD,2026-03-10,Completed
TX0686,u1688,Canada,"CAD 13,500.00",CAD,2026-03-11,Failed
TX0687,u1689,Australia,"A$12,000.00",AUD,2026-03-12,completed
TX0688,u1690,New Zealand,"NZ$5,400.00",NZD,2026-03-13,Pending
TX0689,u1691,Singapore,"S$14,500.00",SGD,2026-03-14,Completed
TX0690,u1692,Malaysia,"RM 15,500.00",MYR,2026-03-15,Failed
TX0691,u1693,Thailand,"฿270,000",THB,2026-03-16,completed
TX0692,u1694,Indonesia,"Rp 125,000,000",IDR,2026-03-17,Pending
TX0693,u1695,Philippines,"₱280,000",PHP,2026-03-18,Completed
TX0694,u1696,Vietnam,"₫135,000,000",VND,2026-03-19,Failed
TX0695,u1697,Brazil,"R$ 13,500.00",BRL,2026-03-20,completed
TX0696,u1698,Argentina,"ARS 155,000.00",ARS,2026-03-21,Pending
TX0697,u1699,Chile,"CLP 5,800,000",CLP,2026-03-22,Completed
TX0698,u1700,Peru,"S/ 14,500.00",PEN,2026-03-23,Failed
TX0699,u1701,Colombia,"COP 26,000,000",COP,2026-03-24,completed
TX0700,u1702,Mexico,"$5,800.00",USD,2026-03-25,Pending
TX0701,u1703,United States,"$3,400.00",USD,2026-03-26,Completed
TX0702,u1704,United Kingdom,"£2,900.00",GBP,2026-03-27,Failed
TX0703,u1705,Germany,"€3,000.00",EUR,2026-03-28,completed
TX0704,u1706,France,"4.000,00",EUR,2026-03-29,Pending
TX0705,u1707,Italy,"€2,800.00",EUR,2026-03-30,Completed
TX0706,u1708,Spain,"3.500,00",EUR,2026-03-31,Failed
TX0707,u1709,Portugal,"€2,600.00",EUR,2026-04-01,completed
TX0708,u1710,Netherlands,"3.600,00",EUR,2026-04-02,Pending
TX0709,u1711,Belgium,"€2,800.00",EUR,2026-04-03,Completed
TX0710,u1712,Austria,"€1,500.00",EUR,2026-04-04,Failed
TX0711,u1713,Japan,"¥1,250,000",JPY,2026-04-05,completed
TX0712,u1714,India,"₹520,000.00",INR,2026-04-06,Pending
TX0713,u1715,China,"¥300,000",JPY,2026-04-07,Completed
TX0714,u1716,South Korea,"₩12,000,000",KRW,2026-04-08,Failed
TX0715,u1717,United States,"$24,000.00",USD,2026-04-09,completed
TX0716,u1718,Canada,"CAD 14,000.00",CAD,2026-04-10,Pending
TX0717,u1719,Australia,"A$12,500.00",AUD,2026-04-11,Completed
TX0718,u1720,New Zealand,"NZ$5,600.00",NZD,2026-04-12,Failed
TX0719,u1721,Singapore,"S$15,000.00",SGD,2026-04-13,completed
TX0720,u1722,Malaysia,"RM 16,000.00",MYR,2026-04-14,Pending
TX0721,u1723,Thailand,"฿280,000",THB,2026-04-15,Completed
TX0722,u1724,Indonesia,"Rp 130,000,000",IDR,2026-04-16,Failed
TX0723,u1725,Philippines,"₱290,000",PHP,2026-04-17,completed
TX0724,u1726,Vietnam,"₫140,000,000",VND,2026-04-18,Pending
TX0725,u1727,Brazil,"R$ 14,000.00",BRL,2026-04-19,Completed
TX0726,u1728,Argentina,"ARS 160,000.00",ARS,2026-04-20,Failed
TX0727,u1729,Chile,"CLP 6,000,000",CLP,2026-04-21,completed
TX0728,u1730,Peru,"S/ 15,000.00",PEN,2026-04-22,Pending
TX0729,u1731,Colombia,"COP 27,000,000",COP,2026-04-23,Completed
TX0730,u1732,Mexico,"$6,000.00",USD,2026-04-24,Failed
TX0731,u1733,United States,"$3,500.00",USD,2026-04-25,completed
TX0732,u1734,United Kingdom,"£3,000.00",GBP,2026-04-26,Pending
TX0733,u1735,Germany,"€3,100.00",EUR,2026-04-27,Completed
TX0734,u1736,France,"4.100,00",EUR,2026-04-28,Failed
TX0735,u1737,Italy,"€2,900.00",EUR,2026-04-29,completed
TX0736,u1738,Spain,"3.600,00",EUR,2026-04-30,Pending
TX0737,u1739,Portugal,"€2,700.00",EUR,2026-05-01,Completed
TX0738,u1740,Netherlands,"3.700,00",EUR,2026-05-02,Failed
TX0739,u1741,Belgium,"€2,900.00",EUR,2026-05-03,completed
TX0740,u1742,Austria,"€1,550.00",EUR,2026-05-04,Pending
TX0741,u1743,Japan,"¥1,300,000",JPY,2026-05-05,Completed
TX0742,u1744,India,"₹540,000.00",INR,2026-05-06,Failed
TX0743,u1745,China,"¥310,000",JPY,2026-05-07,completed
TX0744,u1746,South Korea,"₩12,500,000",KRW,2026-05-08,Pending
TX0745,u1747,United States,"$25,000.00",USD,2026-05-09,Completed
TX0746,u1748,Canada,"CAD 14,500.00",CAD,2026-05-10,Failed
TX0747,u1749,Australia,"A$13,000.00",AUD,2026-05-11,completed
TX0748,u1750,New Zealand,"NZ$5,800.00",NZD,2026-05-12,Pending
TX0749,u1751,Singapore,"S$15,500.00",SGD,2026-05-13,Completed
TX0750,u1752,Malaysia,"RM 16,500.00",MYR,2026-05-14,Failed
TX0751,u1753,Thailand,"฿290,000",THB,2026-05-15,completed
TX0752,u1754,Indonesia,"Rp 135,000,000",IDR,2026-05-16,Pending
TX0753,u1755,Philippines,"₱300,000",PHP,2026-05-17,Completed
TX0754,u1756,Vietnam,"₫145,000,000",VND,2026-05-18,Failed
TX0755,u1757,Brazil,"R$ 14,500.00",BRL,2026-05-19,completed
TX0756,u1758,Argentina,"ARS 165,000.00",ARS,2026-05-20,Pending
TX0757,u1759,Chile,"CLP 6,200,000",CLP,2026-05-21,Completed
TX0758,u1760,Peru,"S/ 15,500.00",PEN,2026-05-22,Failed
TX0759,u1761,Colombia,"COP 28,000,000",COP,2026-05-23,completed
TX0760,u1762,Mexico,"$6,200.00",USD,2026-05-24,Pending
TX0761,u1763,United States,"$3,600.00",USD,2026-05-25,Completed
TX0762,u1764,United Kingdom,"£3,100.00",GBP,2026-05-26,Failed
TX0763,u1765,Germany,"€3,200.00",EUR,2026-05-27,completed
TX0764,u1766,France,"4.200,00",EUR,2026-05-28,Pending
TX0765,u1767,Italy,"€3,000.00",EUR,2026-05-29,Completed
TX0766,u1768,Spain,"3.700,00",EUR,2026-05-30,Failed
TX0767,u1769,Portugal,"€2,800.00",EUR,2026-05-31,completed
TX0768,u1770,Netherlands,"3.800,00",EUR,2026-06-01,Pending
TX0769,u1771,Belgium,"€3,000.00",EUR,2026-06-02,Completed
TX0770,u1772,Austria,"€1,600.00",EUR,2026-06-03,Failed
TX0771,u1773,Japan,"¥1,350,000",JPY,2026-06-04,completed
TX0772,u1774,India,"₹560,000.00",INR,2026-06-05,Pending
TX0773,u1775,China,"¥320,000",JPY,2026-06-06,Completed
TX0774,u1776,South Korea,"₩13,000,000",KRW,2026-06-07,Failed
TX0775,u1777,United States,"$26,000.00",USD,2026-06-08,completed
TX0776,u1778,Canada,"CAD 15,000.00",CAD,2026-06-09,Pending
TX0777,u1779,Australia,"A$13,500.00",AUD,2026-06-10,Completed
TX0778,u1780,New Zealand,"NZ$6,000.00",NZD,2026-06-11,Failed
TX0779,u1781,Singapore,"S$16,000.00",SGD,2026-06-12,completed
TX0780,u1782,Malaysia,"RM 17,000.00",MYR,2026-06-13,Pending
TX0781,u1783,Thailand,"฿300,000",THB,2026-06-14,Completed
TX0782,u1784,Indonesia,"Rp 140,000,000",IDR,2026-06-15,Failed
TX0783,u1785,Philippines,"₱310,000",PHP,2026-06-16,completed
TX0784,u1786,Vietnam,"₫150,000,000",VND,2026-06-17,Pending
TX0785,u1787,Brazil,"R$ 15,000.00",BRL,2026-06-18,Completed
TX0786,u1788,Argentina,"ARS 170,000.00",ARS,2026-06-19,Failed
TX0787,u1789,Chile,"CLP 6,400,000",CLP,2026-06-20,completed
TX0788,u1790,Peru,"S/ 16,000.00",PEN,2026-06-21,Pending
TX0789,u1791,Colombia,"COP 29,000,000",COP,2026-06-22,Completed
TX0790,u1792,Mexico,"$6,400.00",USD,2026-06-23,Failed
TX0791,u1793,United States,"$3,700.00",USD,2026-06-24,completed
TX0792,u1794,United Kingdom,"£3,200.00",GBP,2026-06-25,Pending
TX0793,u1795,Germany,"€3,300.00",EUR,2026-06-26,Completed
TX0794,u1796,France,"4.300,00",EUR,2026-06-27,Failed
TX0795,u1797,Italy,"€3,100.00",EUR,2026-06-28,completed
TX0796,u1798,Spain,"3.800,00",EUR,2026-06-29,Pending
TX0797,u1799,Portugal,"€2,900.00",EUR,2026-06-30,Completed
TX0798,u1800,Netherlands,"3.900,00",EUR,2026-07-01,Failed
TX0799,u1801,Belgium,"€3,100.00",EUR,2026-07-02,completed
TX0800,u1802,Austria,"€1,650.00",EUR,2026-07-03,Pending
TX0801,u1803,Japan,"¥1,400,000",JPY,2026-07-04,Completed
TX0802,u1804,India,"₹580,000.00",INR,2026-07-05,Failed
TX0803,u1805,China,"¥330,000",JPY,2026-07-06,completed
TX0804,u1806,South Korea,"₩13,500,000",KRW,2026-07-07,Pending
TX0805,u1807,United States,"$27,000.00",USD,2026-07-08,Completed
TX0806,u1808,Canada,"CAD 15,500.00",CAD,2026-07-09,Failed
TX0807,u1809,Australia,"A$14,000.00",AUD,2026-07-10,completed
TX0808,u1810,New Zealand,"NZ$6,200.00",NZD,2026-07-11,Pending
TX0809,u1811,Singapore,"S$16,500.00",SGD,2026-07-12,Completed
TX0810,u1812,Malaysia,"RM 17,500.00",MYR,2026-07-13,Failed
TX0811,u1813,Thailand,"฿310,000",THB,2026-07-14,completed
TX0812,u1814,Indonesia,"Rp 145,000,000",IDR,2026-07-15,Pending
TX0813,u1815,Philippines,"₱320,000",PHP,2026-07-16,Completed
TX0814,u1816,Vietnam,"₫155,000,000",VND,2026-07-17,Failed
TX0815,u1817,Brazil,"R$ 15,500.00",BRL,2026-07-18,completed
TX0816,u1818,Argentina,"ARS 175,000.00",ARS,2026-07-19,Pending
TX0817,u1819,Chile,"CLP 6,600,000",CLP,2026-07-20,Completed
TX0818,u1820,Peru,"S/ 16,500.00",PEN,2026-07-21,Failed
TX0819,u1821,Colombia,"COP 30,000,000",COP,2026-07-22,completed
TX0820,u1822,Mexico,"$6,600.00",USD,2026-07-23,Pending
TX0821,u1823,United States,"$3,800.00",USD,2026-07-24,Completed
TX0822,u1824,United Kingdom,"£3,300.00",GBP,2026-07-25,Failed
TX0823,u1825,Germany,"€3,400.00",EUR,2026-07-26,completed
TX0824,u1826,France,"4.400,00",EUR,2026-07-27,Pending
TX0825,u1827,Italy,"€3,200.00",EUR,2026-07-28,Completed
TX0826,u1828,Spain,"3.900,00",EUR,2026-07-29,Failed
TX0827,u1829,Portugal,"€3,000.00",EUR,2026-07-30,completed
TX0828,u1830,Netherlands,"4.000,00",EUR,2026-07-31,Pending
TX0829,u1831,Belgium,"€3,200.00",EUR,2026-08-01,Completed
TX0830,u1832,Austria,"€1,700.00",EUR,2026-08-02,Failed
TX0831,u1833,Japan,"¥1,450,000",JPY,2026-08-03,completed
TX0832,u1834,India,"₹600,000.00",INR,2026-08-04,Pending
TX0833,u1835,China,"¥340,000",JPY,2026-08-05,Completed
TX0834,u1836,South Korea,"₩14,000,000",KRW,2026-08-06,Failed
TX0835,u1837,United States,"$28,000.00",USD,2026-08-07,completed
TX0836,u1838,Canada,"CAD 16,000.00",CAD,2026-08-08,Pending
TX0837,u1839,Australia,"A$14,500.00",AUD,2026-08-09,Completed
TX0838,u1840,New Zealand,"NZ$6,400.00",NZD,2026-08-10,Failed
TX0839,u1841,Singapore,"S$17,000.00",SGD,2026-08-11,completed
TX0840,u1842,Malaysia,"RM 18,000.00",MYR,2026-08-12,Pending
TX0841,u1843,Thailand,"฿320,000",THB,2026-08-13,Completed
TX0842,u1844,Indonesia,"Rp 150,000,000",IDR,2026-08-14,Failed
TX0843,u1845,Philippines,"₱330,000",PHP,2026-08-15,completed
TX0844,u1846,Vietnam,"₫160,000,000",VND,2026-08-16,Pending
TX0845,u1847,Brazil,"R$ 16,000.00",BRL,2026-08-17,Completed
TX0846,u1848,Argentina,"ARS 180,000.00",ARS,2026-08-18,Failed
TX0847,u1849,Chile,"CLP 6,800,000",CLP,2026-08-19,completed
TX0848,u1850,Peru,"S/ 17,000.00",PEN,2026-08-20,Pending
TX0849,u1851,Colombia,"COP 31,000,000",COP,2026-08-21,Completed
TX0850,u1852,Mexico,"$6,800.00",USD,2026-08-22,Failed
TX0851,u1853,United States,"$3,900.00",USD,2026-08-23,completed
TX0852,u1854,United Kingdom,"£3,400.00",GBP,2026-08-24,Pending
TX0853,u1855,Germany,"€3,500.00",EUR,2026-08-25,Completed
TX0854,u1856,France,"4.500,00",EUR,2026-08-26,Failed
TX0855,u1857,Italy,"€3,300.00",EUR,2026-08-27,completed
TX0856,u1858,Spain,"4.000,00",EUR,2026-08-28,Pending
TX0857,u1859,Portugal,"€3,100.00",EUR,2026-08-29,Completed
TX0858,u1860,Netherlands,"4.100,00",EUR,2026-08-30,Failed
TX0859,u1861,Belgium,"€3,300.00",EUR,2026-08-31,completed
TX0860,u1862,Austria,"€1,750.00",EUR,2026-09-01,Pending
TX0861,u1863,Japan,"¥1,500,000",JPY,2026-09-02,Completed
TX0862,u1864,India,"₹620,000.00",INR,2026-09-03,Failed
TX0863,u1865,China,"¥350,000",JPY,2026-09-04,completed
TX0864,u1866,South Korea,"₩14,500,000",KRW,2026-09-05,Pending
TX0865,u1867,United States,"$29,000.00",USD,2026-09-06,Completed
TX0866,u1868,Canada,"CAD 16,500.00",CAD,2026-09-07,Failed
TX0867,u1869,Australia,"A$15,000.00",AUD,2026-09-08,completed
TX0868,u1870,New Zealand,"NZ$6,600.00",NZD,2026-09-09,Pending
TX0869,u1871,Singapore,"S$17,500.00",SGD,2026-09-10,Completed
TX0870,u1872,Malaysia,"RM 18,500.00",MYR,2026-09-11,Failed
TX0871,u1873,Thailand,"฿330,000",THB,2026-09-12,completed
TX0872,u1874,Indonesia,"Rp 155,000,000",IDR,2026-09-13,Pending
TX0873,u1875,Philippines,"₱340,000",PHP,2026-09-14,Completed
TX0874,u1876,Vietnam,"₫165,000,000",VND,2026-09-15,Failed
TX0875,u1877,Brazil,"R$ 16,500.00",BRL,2026-09-16,completed
TX0876,u1878,Argentina,"ARS 185,000.00",ARS,2026-09-17,Pending
TX0877,u1879,Chile,"CLP 7,000,000",CLP,2026-09-18,Completed
TX0878,u1880,Peru,"S/ 17,500.00",PEN,2026-09-19,Failed
TX0879,u1881,Colombia,"COP 32,000,000",COP,2026-09-20,completed
TX0880,u1882,Mexico,"$7,000.00",USD,2026-09-21,Pending
TX0881,u1883,United States,"$4,000.00",USD,2026-09-22,Completed
TX0882,u1884,United Kingdom,"£3,500.00",GBP,2026-09-23,Failed
TX0883,u1885,Germany,"€3,600.00",EUR,2026-09-24,completed
TX0884,u1886,France,"4.600,00",EUR,2026-09-25,Pending
TX0885,u1887,Italy,"€3,400.00",EUR,2026-09-26,Completed
TX0886,u1888,Spain,"4.100,00",EUR,2026-09-27,Failed
TX0887,u1889,Portugal,"€3,200.00",EUR,2026-09-28,completed
TX0888,u1890,Netherlands,"4.200,00",EUR,2026-09-29,Pending
TX0889,u1891,Belgium,"€3,400.00",EUR,2026-09-30,Completed
TX0890,u1892,Austria,"€1,800.00",EUR,2026-10-01,Failed
TX0891,u1893,Japan,"¥1,550,000",JPY,2026-10-02,completed
TX0892,u1894,India,"₹640,000.00",INR,2026-10-03,Pending
TX0893,u1895,China,"¥360,000",JPY,2026-10-04,Completed
TX0894,u1896,South Korea,"₩15,000,000",KRW,2026-10-05,Failed
TX0895,u1897,United States,"$30,000.00",USD,2026-10-06,completed
TX0896,u1898,Canada,"CAD 17,000.00",CAD,2026-10-07,Pending
TX0897,u1899,Australia,"A$15,500.00",AUD,2026-10-08,Completed
TX0898,u1900,New Zealand,"NZ$6,800.00",NZD,2026-10-09,Failed
TX0899,u1901,Singapore,"S$18,000.00",SGD,2026-10-10,completed
TX0900,u1902,Malaysia,"RM 19,000.00",MYR,2026-10-11,Pending
TX0901,u1903,Thailand,"฿340,000",THB,2026-10-12,Completed
TX0902,u1904,Indonesia,"Rp 160,000,000",IDR,2026-10-13,Failed
TX0903,u1905,Philippines,"₱350,000",PHP,2026-10-14,completed
TX0904,u1906,Vietnam,"₫170,000,000",VND,2026-10-15,Pending
TX0905,u1907,Brazil,"R$ 17,000.00",BRL,2026-10-16,Completed
TX0906,u1908,Argentina,"ARS 190,000.00",ARS,2026-10-17,Failed
TX0907,u1909,Chile,"CLP 7,200,000",CLP,2026-10-18,completed
TX0908,u1910,Peru,"S/ 18,000.00",PEN,2026-10-19,Pending
TX0909,u1911,Colombia,"COP 33,000,000",COP,2026-10-20,Completed
TX0910,u1912,Mexico,"$7,200.00",USD,2026-10-21,Failed
TX0911,u1913,United States,"$4,100.00",USD,2026-10-22,completed
TX0912,u1914,United Kingdom,"£3,600.00",GBP,2026-10-23,Pending
TX0913,u1915,Germany,"€3,700.00",EUR,2026-10-24,Completed
TX0914,u1916,France,"4.700,00",EUR,2026-10-25,Failed
TX0915,u1917,Italy,"€3,500.00",EUR,2026-10-26,completed
TX0916,u1918,Spain,"4.200,00",EUR,2026-10-27,Pending
TX0917,u1919,Portugal,"€3,300.00",EUR,2026-10-28,Completed
TX0918,u1920,Netherlands,"4.300,00",EUR,2026-10-29,Failed
TX0919,u1921,Belgium,"€3,500.00",EUR,2026-10-30,completed
TX0920,u1922,Austria,"€1,850.00",EUR,2026-10-31,Pending
TX0921,u1923,Japan,"¥1,600,000",JPY,2026-11-01,Completed
TX0922,u1924,India,"₹660,000.00",INR,2026-11-02,Failed
TX0923,u1925,China,"¥370,000",JPY,2026-11-03,completed
TX0924,u1926,South Korea,"₩15,500,000",KRW,2026-11-04,Pending
TX0925,u1927,United States,"$31,000.00",USD,2026-11-05,Completed
TX0926,u1928,Canada,"CAD 17,500.00",CAD,2026-11-06,Failed
TX0927,u1929,Australia,"A$16,000.00",AUD,2026-11-07,completed
TX0928,u1930,New Zealand,"NZ$7,000.00",NZD,2026-11-08,Pending
TX0929,u1931,Singapore,"S$18,500.00",SGD,2026-11-09,Completed
TX0930,u1932,Malaysia,"RM 19,500.00",MYR,2026-11-10,Failed
TX0931,u1933,Thailand,"฿350,000",THB,2026-11-11,completed
TX0932,u1934,Indonesia,"Rp 165,000,000",IDR,2026-11-12,Pending
TX0933,u1935,Philippines,"₱360,000",PHP,2026-11-13,Completed
TX0934,u1936,Vietnam,"₫175,000,000",VND,2026-11-14,Failed
TX0935,u1937,Brazil,"R$ 17,500.00",BRL,2026-11-15,completed
TX0936,u1938,Argentina,"ARS 195,000.00",ARS,2026-11-16,Pending
TX0937,u1939,Chile,"CLP 7,400,000",CLP,2026-11-17,Completed
TX0938,u1940,Peru,"S/ 18,500.00",PEN,2026-11-18,Failed
TX0939,u1941,Colombia,"COP 34,000,000",COP,2026-11-19,completed
TX0940,u1942,Mexico,"$7,400.00",USD,2026-11-20,Pending
TX0941,u1943,United States,"$4,200.00",USD,2026-11-21,Completed
TX0942,u1944,United Kingdom,"£3,700.00",GBP,2026-11-22,Failed
TX0943,u1945,Germany,"€3,800.00",EUR,2026-11-23,completed
TX0944,u1946,France,"4.800,00",EUR,2026-11-24,Pending
TX0945,u1947,Italy,"€3,600.00",EUR,2026-11-25,Completed
TX0946,u1948,Spain,"4.300,00",EUR,2026-11-26,Failed
TX0947,u1949,Portugal,"€3,400.00",EUR,2026-11-27,completed
TX0948,u1950,Netherlands,"4.400,00",EUR,2026-11-28,Pending
TX0949,u1951,Belgium,"€3,600.00",EUR,2026-11-29,Completed
TX0950,u1952,Austria,"€1,900.00",EUR,2026-11-30,Failed
TX0951,u1953,Japan,"¥1,650,000",JPY,2026-12-01,completed
TX0952,u1954,India,"₹680,000.00",INR,2026-12-02,Pending
TX0953,u1955,China,"¥380,000",JPY,2026-12-03,Completed
TX0954,u1956,South Korea,"₩16,000,000",KRW,2026-12-04,Failed
TX0955,u1957,United States,"$32,000.00",USD,2026-12-05,completed
TX0956,u1958,Canada,"CAD 18,000.00",CAD,2026-12-06,Pending
TX0957,u1959,Australia,"A$16,500.00",AUD,2026-12-07,Completed
TX0958,u1960,New Zealand,"NZ$7,200.00",NZD,2026-12-08,Failed
TX0959,u1961,Singapore,"S$19,000.00",SGD,2026-12-09,completed
TX0960,u1962,Malaysia,"RM 20,000.00",MYR,2026-12-10,Pending
TX0961,u1963,Thailand,"฿360,000",THB,2026-12-11,Completed
TX0962,u1964,Indonesia,"Rp 170,000,000",IDR,2026-12-12,Failed
TX0963,u1965,Philippines,"₱370,000",PHP,2026-12-13,completed
TX0964,u1966,Vietnam,"₫180,000,000",VND,2026-12-14,Pending
TX0965,u1967,Brazil,"R$ 18,000.00",BRL,2026-12-15,Completed
TX0966,u1968,Argentina,"ARS 200,000.00",ARS,2026-12-16,Failed
TX0967,u1969,Chile,"CLP 7,600,000",CLP,2026-12-17,completed
TX0968,u1970,Peru,"S/ 19,000.00",PEN,2026-12-18,Pending
TX0969,u1971,Colombia,"COP 35,000,000",COP,2026-12-19,Completed
TX0970,u1972,Mexico,"$7,600.00",USD,2026-12-20,Failed
TX0971,u1973,United States,"$4,300.00",USD,2026-12-21,completed
TX0972,u1974,United Kingdom,"£3,800.00",GBP,2026-12-22,Pending
TX0973,u1975,Germany,"€3,900.00",EUR,2026-12-23,Completed
TX0974,u1976,France,"4.900,00",EUR,2026-12-24,Failed
TX0975,u1977,Italy,"€3,700.00",EUR,2026-12-25,completed
TX0976,u1978,Spain,"4.400,00",EUR,2026-12-26,Pending
TX0977,u1979,Portugal,"€3,500.00",EUR,2026-12-27,Completed
TX0978,u1980,Netherlands,"4.500,00",EUR,2026-12-28,Failed
TX0979,u1981,Belgium,"€3,700.00",EUR,2026-12-29,completed
TX0980,u1982,Austria,"€2,000.00",EUR,2026-12-30,Pending
TX0981,u1983,Japan,"¥1,700,000",JPY,2027-01-01,Completed
TX0982,u1984,India,"₹700,000.00",INR,2027-01-02,Failed
TX0983,u1985,China,"¥400,000",JPY,2027-01-03,completed
TX0984,u1986,South Korea,"₩17,000,000",KRW,2027-01-04,Pending
TX0985,u1987,United States,"$35,000.00",USD,2027-01-05,Completed
TX0986,u1988,Canada,"CAD 19,500.00",CAD,2027-01-06,Failed
TX0987,u1989,Australia,"A7,000.00",AUD,2027-01-07,completed
TX0988,u1990,New Zealand,"NZ$7,500.00",NZD,2027-01-08,Pending
TX0989,u1991,Singapore,"S$21,000.00",SGD,2027-01-09,Completed
TX0990,u1992,Malaysia,"RM 22,000.00",MYR,2027-01-10,Failed
TX0991,u1993,Thailand,"฿380,000",THB,2027-01-11,completed
TX0992,u1994,Indonesia,"Rp 180,000,000",IDR,2027-01-12,Pending
TX0993,u1995,Philippines,"₱400,000",PHP,2027-01-13,Completed
TX0994,u1996,Vietnam,"₫190,000,000",VND,2027-01-14,Failed
TX0995,u1997,Brazil,"R$ 19,500.00",BRL,2027-01-15,completed
TX0996,u1998,Argentina,"ARS 220,000.00",ARS,2027-01-16,Pending
TX0997,u1999,Chile,"CLP 8,000,000",CLP,2027-01-17,Completed
TX0998,u2000,Peru,"S/ 21,000.00",PEN,2027-01-18,Failed
TX0999,u2001,Colombia,"COP 40,000,000",COP,2027-01-19,completed
TX1000,u2002,Mexico,"$8,000.00",USD,2027-01-20,Pending