timestamp,temperature,humidity,pressure,vibration,current,voltage
2024-01-01 00:00:00,22.5,45.2,1013.25,0.12,2.3,220.5
2024-01-01 00:01:00,22.6,45.3,1013.26,0.11,2.31,220.6
2024-01-01 00:02:00,22.4,45.1,1013.24,0.13,2.29,220.4
2024-01-01 00:03:00,22.7,45.4,1013.27,0.12,2.32,220.7
2024-01-01 00:04:00,22.5,45.2,1013.25,0.11,2.3,220.5
2024-01-01 00:05:00,22.6,45.3,1013.26,0.12,2.31,220.6
2024-01-01 00:06:00,22.4,45.1,1013.24,0.13,2.29,220.4
2024-01-01 00:07:00,22.7,45.4,1013.27,0.12,2.32,220.7
2024-01-01 00:08:00,22.5,45.2,1013.25,0.11,2.3,220.5
2024-01-01 00:09:00,22.6,45.3,1013.26,0.12,2.31,220.6
2024-01-01 00:10:00,22.4,45.1,1013.24,0.13,2.29,220.4
2024-01-01 00:11:00,22.7,45.4,1013.27,0.12,2.32,220.7
2024-01-01 00:12:00,22.5,45.2,1013.25,0.11,2.3,220.5
2024-01-01 00:13:00,22.6,45.3,1013.26,0.12,2.31,220.6
2024-01-01 00:14:00,22.4,45.1,1013.24,0.13,2.29,220.4
2024-01-01 00:15:00,22.7,45.4,1013.27,0.12,2.32,220.7
2024-01-01 00:16:00,22.5,45.2,1013.25,0.11,2.3,220.5
2024-01-01 00:17:00,22.6,45.3,1013.26,0.12,2.31,220.6
2024-01-01 00:18:00,22.4,45.1,1013.24,0.13,2.29,220.4
2024-01-01 00:19:00,22.7,45.4,1013.27,0.12,2.32,220.7
2024-01-01 00:20:00,22.5,45.2,1013.25,0.11,2.3,220.5
2024-01-01 00:21:00,22.6,45.3,1013.26,0.12,2.31,220.6
2024-01-01 00:22:00,22.4,45.1,1013.24,0.13,2.29,220.4
2024-01-01 00:23:00,22.7,45.4,1013.27,0.12,2.32,220.7
2024-01-01 00:24:00,22.5,45.2,1013.25,0.11,2.3,220.5
2024-01-01 00:25:00,22.6,45.3,1013.26,0.12,2.31,220.6
2024-01-01 00:26:00,22.4,45.1,1013.24,0.13,2.29,220.4
2024-01-01 00:27:00,22.7,45.4,1013.27,0.12,2.32,220.7
2024-01-01 00:28:00,22.5,45.2,1013.25,0.11,2.3,220.5
2024-01-01 00:29:00,22.6,45.3,1013.26,0.12,2.31,220.6
2024-01-01 00:30:00,22.4,45.1,1013.24,0.13,2.29,220.4
2024-01-01 00:31:00,22.7,45.4,1013.27,0.12,2.32,220.7
2024-01-01 00:32:00,22.5,45.2,1013.25,0.11,2.3,220.5
2024-01-01 00:33:00,22.6,45.3,1013.26,0.12,2.31,220.6
2024-01-01 00:34:00,22.4,45.1,1013.24,0.13,2.29,220.4
2024-01-01 00:35:00,22.7,45.4,1013.27,0.12,2.32,220.7
2024-01-01 00:36:00,22.5,45.2,1013.25,0.11,2.3,220.5
2024-01-01 00:37:00,22.6,45.3,1013.26,0.12,2.31,220.6
2024-01-01 00:38:00,22.4,45.1,1013.24,0.13,2.29,220.4
2024-01-01 00:39:00,22.7,45.4,1013.27,0.12,2.32,220.7
2024-01-01 00:40:00,22.5,45.2,1013.25,0.11,2.3,220.5
2024-01-01 00:41:00,22.6,45.3,1013.26,0.12,2.31,220.6
2024-01-01 00:42:00,22.4,45.1,1013.24,0.13,2.29,220.4
2024-01-01 00:43:00,22.7,45.4,1013.27,0.12,2.32,220.7
2024-01-01 00:44:00,22.5,45.2,1013.25,0.11,2.3,220.5
2024-01-01 00:45:00,22.6,45.3,1013.26,0.12,2.31,220.6
2024-01-01 00:46:00,22.4,45.1,1013.24,0.13,2.29,220.4
2024-01-01 00:47:00,22.7,45.4,1013.27,0.12,2.32,220.7
2024-01-01 00:48:00,22.5,45.2,1013.25,0.11,2.3,220.5
2024-01-01 00:49:00,22.6,45.3,1013.26,0.12,2.31,220.6
2024-01-01 00:50:00,22.4,45.1,1013.24,0.13,2.29,220.4
2024-01-01 00:51:00,22.7,45.4,1013.27,0.12,2.32,220.7
2024-01-01 00:52:00,22.5,45.2,1013.25,0.11,2.3,220.5
2024-01-01 00:53:00,22.6,45.3,1013.26,0.12,2.31,220.6
2024-01-01 00:54:00,22.4,45.1,1013.24,0.13,2.29,220.4
2024-01-01 00:55:00,22.7,45.4,1013.27,0.12,2.32,220.7
2024-01-01 00:56:00,22.5,45.2,1013.25,0.11,2.3,220.5
2024-01-01 00:57:00,22.6,45.3,1013.26,0.12,2.31,220.6
2024-01-01 00:58:00,22.4,45.1,1013.24,0.13,2.29,220.4
2024-01-01 00:59:00,22.7,45.4,1013.27,0.12,2.32,220.7
2024-01-01 01:00:00,22.5,45.2,1013.25,0.11,2.3,220.5
2024-01-01 01:01:00,22.6,45.3,1013.26,0.12,2.31,220.6
2024-01-01 01:02:00,22.4,45.1,1013.24,0.13,2.29,220.4
2024-01-01 01:03:00,22.7,45.4,1013.27,0.12,2.32,220.7
2024-01-01 01:04:00,22.5,45.2,1013.25,0.11,2.3,220.5
2024-01-01 01:05:00,22.6,45.3,1013.26,0.12,2.31,220.6
2024-01-01 01:06:00,22.4,45.1,1013.24,0.13,2.29,220.4
2024-01-01 01:07:00,22.7,45.4,1013.27,0.12,2.32,220.7
2024-01-01 01:08:00,22.5,45.2,1013.25,0.11,2.3,220.5
2024-01-01 01:09:00,22.6,45.3,1013.26,0.12,2.31,220.6
2024-01-01 01:10:00,22.4,45.1,1013.24,0.13,2.29,220.4
2024-01-01 01:11:00,22.7,45.4,1013.27,0.12,2.32,220.7
2024-01-01 01:12:00,22.5,45.2,1013.25,0.11,2.3,220.5
2024-01-01 01:13:00,22.6,45.3,1013.26,0.12,2.31,220.6
2024-01-01 01:14:00,22.4,45.1,1013.24,0.13,2.29,220.4
2024-01-01 01:15:00,22.7,45.4,1013.27,0.12,2.32,220.7
2024-01-01 01:16:00,22.5,45.2,1013.25,0.11,2.3,220.5
2024-01-01 01:17:00,22.6,45.3,1013.26,0.12,2.31,220.6
2024-01-01 01:18:00,22.4,45.1,1013.24,0.13,2.29,220.4
2024-01-01 01:19:00,22.7,45.4,1013.27,0.12,2.32,220.7
2024-01-01 01:20:00,22.5,45.2,1013.25,0.11,2.3,220.5
2024-01-01 01:21:00,22.6,45.3,1013.26,0.12,2.31,220.6
2024-01-01 01:22:00,22.4,45.1,1013.24,0.13,2.29,220.4
2024-01-01 01:23:00,22.7,45.4,1013.27,0.12,2.32,220.7
2024-01-01 01:24:00,22.5,45.2,1013.25,0.11,2.3,220.5
2024-01-01 01:25:00,22.6,45.3,1013.26,0.12,2.31,220.6
2024-01-01 01:26:00,22.4,45.1,1013.24,0.13,2.29,220.4
2024-01-01 01:27:00,22.7,45.4,1013.27,0.12,2.32,220.7
2024-01-01 01:28:00,22.5,45.2,1013.25,0.11,2.3,220.5
2024-01-01 01:29:00,22.6,45.3,1013.26,0.12,2.31,220.6
2024-01-01 01:30:00,22.4,45.1,1013.24,0.13,2.29,220.4
2024-01-01 01:31:00,22.7,45.4,1013.27,0.12,2.32,220.7
2024-01-01 01:32:00,22.5,45.2,1013.25,0.11,2.3,220.5
2024-01-01 01:33:00,22.6,45.3,1013.26,0.12,2.31,220.6
2024-01-01 01:34:00,22.4,45.1,1013.24,0.13,2.29,220.4
2024-01-01 01:35:00,22.7,45.4,1013.27,0.12,2.32,220.7
2024-01-01 01:36:00,22.5,45.2,1013.25,0.11,2.3,220.5
2024-01-01 01:37:00,22.6,45.3,1013.26,0.12,2.31,220.6
2024-01-01 01:38:00,22.4,45.1,1013.24,0.13,2.29,220.4
2024-01-01 01:39:00,22.7,45.4,1013.27,0.12,2.32,220.7
2024-01-01 01:40:00,22.5,45.2,1013.25,0.11,2.3,220.5
2024-01-01 01:41:00,22.6,45.3,1013.26,0.12,2.31,220.6
2024-01-01 01:42:00,22.4,45.1,1013.24,0.13,2.29,220.4
2024-01-01 01:43:00,22.7,45.4,1013.27,0.12,2.32,220.7
2024-01-01 01:44:00,22.5,45.2,1013.25,0.11,2.3,220.5
2024-01-01 01:45:00,22.6,45.3,1013.26,0.12,2.31,220.6
2024-01-01 01:46:00,22.4,45.1,1013.24,0.13,2.29,220.4
2024-01-01 01:47:00,22.7,45.4,1013.27,0.12,2.32,220.7
2024-01-01 01:48:00,22.5,45.2,1013.25,0.11,2.3,220.5
2024-01-01 01:49:00,22.6,45.3,1013.26,0.12,2.31,220.6
2024-01-01 01:50:00,22.4,45.1,1013.24,0.13,2.29,220.4
2024-01-01 01:51:00,22.7,45.4,1013.27,0.12,2.32,220.7
2024-01-01 01:52:00,22.5,45.2,1013.25,0.11,2.3,220.5
2024-01-01 01:53:00,22.6,45.3,1013.26,0.12,2.31,220.6
2024-01-01 01:54:00,22.4,45.1,1013.24,0.13,2.29,220.4
2024-01-01 01:55:00,22.7,45.4,1013.27,0.12,2.32,220.7
2024-01-01 01:56:00,22.5,45.2,1013.25,0.11,2.3,220.5
2024-01-01 01:57:00,22.6,45.3,1013.26,0.12,2.31,220.6
2024-01-01 01:58:00,22.4,45.1,1013.24,0.13,2.29,220.4
2024-01-01 01:59:00,22.7,45.4,1013.27,0.12,2.32,220.7
2024-01-01 02:00:00,22.5,45.2,1013.25,0.11,2.3,220.5
2024-01-01 02:01:00,22.6,45.3,1013.26,0.12,2.31,220.6
2024-01-01 02:02:00,22.4,45.1,1013.24,0.13,2.29,220.4
2024-01-01 02:03:00,22.7,45.4,1013.27,0.12,2.32,220.7
2024-01-01 02:04:00,22.5,45.2,1013.25,0.11,2.3,220.5
2024-01-01 02:05:00,22.6,45.3,1013.26,0.12,2.31,220.6
2024-01-01 02:06:00,22.4,45.1,1013.24,0.13,2.29,220.4
2024-01-01 02:07:00,22.7,45.4,1013.27,0.12,2.32,220.7
2024-01-01 02:08:00,22.5,45.2,1013.25,0.11,2.3,220.5
2024-01-01 02:09:00,22.6,45.3,1013.26,0.12,2.31,220.6
2024-01-01 02:10:00,22.4,45.1,1013.24,0.13,2.29,220.4
2024-01-01 02:11:00,22.7,45.4,1013.27,0.12,2.32,220.7
2024-01-01 02:12:00,22.5,45.2,1013.25,0.11,2.3,220.5
2024-01-01 02:13:00,22.6,45.3,1013.26,0.12,2.31,220.6
2024-01-01 02:14:00,22.4,45.1,1013.24,0.13,2.29,220.4
2024-01-01 02:15:00,22.7,45.4,1013.27,0.12,2.32,220.7
2024-01-01 02:16:00,22.5,45.2,1013.25,0.11,2.3,220.5
2024-01-01 02:17:00,22.6,45.3,1013.26,0.12,2.31,220.6
2024-01-01 02:18:00,22.4,45.1,1013.24,0.13,2.29,220.4
2024-01-01 02:19:00,22.7,45.4,1013.27,0.12,2.32,220.7
2024-01-01 02:20:00,22.5,45.2,1013.25,0.11,2.3,220.5
2024-01-01 02:21:00,22.6,45.3,1013.26,0.12,2.31,220.6
2024-01-01 02:22:00,22.4,45.1,1013.24,0.13,2.29,220.4
2024-01-01 02:23:00,22.7,45.4,1013.27,0.12,2.32,220.7
2024-01-01 02:24:00,22.5,45.2,1013.25,0.11,2.3,220.5
2024-01-01 02:25:00,22.6,45.3,1013.26,0.12,2.31,220.6
2024-01-01 02:26:00,22.4,45.1,1013.24,0.13,2.29,220.4
2024-01-01 02:27:00,22.7,45.4,1013.27,0.12,2.32,220.7
2024-01-01 02:28:00,22.5,45.2,1013.25,0.11,2.3,220.5
2024-01-01 02:29:00,22.6,45.3,1013.26,0.12,2.31,220.6
2024-01-01 02:30:00,22.4,45.1,1013.24,0.13,2.29,220.4
2024-01-01 02:31:00,22.7,45.4,1013.27,0.12,2.32,220.7
2024-01-01 02:32:00,22.5,45.2,1013.25,0.11,2.3,220.5
2024-01-01 02:33:00,22.6,45.3,1013.26,0.12,2.31,220.6
2024-01-01 02:34:00,22.4,45.1,1013.24,0.13,2.29,220.4
2024-01-01 02:35:00,22.7,45.4,1013.27,0.12,2.32,220.7
2024-01-01 02:36:00,22.5,45.2,1013.25,0.11,2.3,220.5
2024-01-01 02:37:00,22.6,45.3,1013.26,0.12,2.31,220.6
2024-01-01 02:38:00,22.4,45.1,1013.24,0.13,2.29,220.4
2024-01-01 02:39:00,22.7,45.4,1013.27,0.12,2.32,220.7
2024-01-01 02:40:00,22.5,45.2,1013.25,0.11,2.3,220.5
2024-01-01 02:41:00,22.6,45.3,1013.26,0.12,2.31,220.6
2024-01-01 02:42:00,22.4,45.1,1013.24,0.13,2.29,220.4
2024-01-01 02:43:00,22.7,45.4,1013.27,0.12,2.32,220.7
2024-01-01 02:44:00,22.5,45.2,1013.25,0.11,2.3,220.5
2024-01-01 02:45:00,22.6,45.3,1013.26,0.12,2.31,220.6
2024-01-01 02:46:00,22.4,45.1,1013.24,0.13,2.29,220.4
2024-01-01 02:47:00,22.7,45.4,1013.27,0.12,2.32,220.7
2024-01-01 02:48:00,22.5,45.2,1013.25,0.11,2.3,220.5
2024-01-01 02:49:00,22.6,45.3,1013.26,0.12,2.31,220.6
2024-01-01 02:50:00,22.4,45.1,1013.24,0.13,2.29,220.4
2024-01-01 02:51:00,22.7,45.4,1013.27,0.12,2.32,220.7
2024-01-01 02:52:00,22.5,45.2,1013.25,0.11,2.3,220.5
2024-01-01 02:53:00,22.6,45.3,1013.26,0.12,2.31,220.6
2024-01-01 02:54:00,22.4,45.1,1013.24,0.13,2.29,220.4
2024-01-01 02:55:00,22.7,45.4,1013.27,0.12,2.32,220.7
2024-01-01 02:56:00,22.5,45.2,1013.25,0.11,2.3,220.5
2024-01-01 02:57:00,22.6,45.3,1013.26,0.12,2.31,220.6
2024-01-01 02:58:00,22.4,45.1,1013.24,0.13,2.29,220.4
2024-01-01 02:59:00,22.7,45.4,1013.27,0.12,2.32,220.7
2024-01-01 03:00:00,22.5,45.2,1013.25,0.11,2.3,220.5
2024-01-01 03:01:00,22.6,45.3,1013.26,0.12,2.31,220.6
2024-01-01 03:02:00,22.4,45.1,1013.24,0.13,2.29,220.4
2024-01-01 03:03:00,22.7,45.4,1013.27,0.12,2.32,220.7
2024-01-01 03:04:00,22.5,45.2,1013.25,0.11,2.3,220.5
2024-01-01 03:05:00,22.6,45.3,1013.26,0.12,2.31,220.6
2024-01-01 03:06:00,22.4,45.1,1013.24,0.13,2.29,220.4
2024-01-01 03:07:00,22.7,45.4,1013.27,0.12,2.32,220.7
2024-01-01 03:08:00,22.5,45.2,1013.25,0.11,2.3,220.5
2024-01-01 03:09:00,22.6,45.3,1013.26,0.12,2.31,220.6
2024-01-01 03:10:00,22.4,45.1,1013.24,0.13,2.29,220.4
2024-01-01 03:11:00,22.7,45.4,1013.27,0.12,2.32,220.7
2024-01-01 03:12:00,22.5,45.2,1013.25,0.11,2.3,220.5
2024-01-01 03:13:00,22.6,45.3,1013.26,0.12,2.31,220.6
2024-01-01 03:14:00,22.4,45.1,1013.24,0.13,2.29,220.4
2024-01-01 03:15:00,22.7,45.4,1013.27,0.12,2.32,220.7
2024-01-01 03:16:00,22.5,45.2,1013.25,0.11,2.3,220.5
2024-01-01 03:17:00,22.6,45.3,1013.26,0.12,2.31,220.6
2024-01-01 03:18:00,22.4,45.1,1013.24,0.13,2.29,220.4
2024-01-01 03:19:00,22.7,45.4,1013.27,0.12,2.32,220.7
2024-01-01 03:20:00,22.5,45.2,1013.25,0.11,2.3,220.5
2024-01-01 03:21:00,22.6,45.3,1013.26,0.12,2.31,220.6
2024-01-01 03:22:00,22.4,45.1,1013.24,0.13,2.29,220.4
2024-01-01 03:23:00,22.7,45.4,1013.27,0.12,2.32,220.7
2024-01-01 03:24:00,22.5,45.2,1013.25,0.11,2.3,220.5
2024-01-01 03:25:00,22.6,45.3,1013.26,0.12,2.31,220.6
2024-01-01 03:26:00,22.4,45.1,1013.24,0.13,2.29,220.4
2024-01-01 03:27:00,22.7,45.4,1013.27,0.12,2.32,220.7
2024-01-01 03:28:00,22.5,45.2,1013.25,0.11,2.3,220.5
2024-01-01 03:29:00,22.6,45.3,1013.26,0.12,2.31,220.6
2024-01-01 03:30:00,22.4,45.1,1013.24,0.13,2.29,220.4
2024-01-01 03:31:00,22.7,45.4,1013.27,0.12,2.32,220.7
2024-01-01 03:32:00,22.5,45.2,1013.25,0.11,2.3,220.5
2024-01-01 03:33:00,22.6,45.3,1013.26,0.12,2.31,220.6
2024-01-01 03:34:00,22.4,45.1,1013.24,0.13,2.29,220.4
2024-01-01 03:35:00,22.7,45.4,1013.27,0.12,2.32,220.7
2024-01-01 03:36:00,22.5,45.2,1013.25,0.11,2.3,220.5
2024-01-01 03:37:00,22.6,45.3,1013.26,0.12,2.31,220.6
2024-01-01 03:38:00,22.4,45.1,1013.24,0.13,2.29,220.4
2024-01-01 03:39:00,22.7,45.4,1013.27,0.12,2.32,220.7
2024-01-01 03:40:00,22.5,45.2,1013.25,0.11,2.3,220.5
2024-01-01 03:41:00,22.6,45.3,1013.26,0.12,2.31,220.6
2024-01-01 03:42:00,22.4,45.1,1013.24,0.13,2.29,220.4
2024-01-01 03:43:00,22.7,45.4,1013.27,0.12,2.32,220.7
2024-01-01 03:44:00,22.5,45.2,1013.25,0.11,2.3,220.5
2024-01-01 03:45:00,22.6,45.3,1013.26,0.12,2.31,220.6
2024-01-01 03:46:00,22.4,45.1,1013.24,0.13,2.29,220.4
2024-01-01 03:47:00,22.7,45.4,1013.27,0.12,2.32,220.7
2024-01-01 03:48:00,22.5,45.2,1013.25,0.11,2.3,220.5
2024-01-01 03:49:00,22.6,45.3,1013.26,0.12,2.31,220.6
2024-01-01 03:50:00,22.4,45.1,1013.24,0.13,2.29,220.4
2024-01-01 03:51:00,22.7,45.4,1013.27,0.12,2.32,220.7
2024-01-01 03:52:00,22.5,45.2,1013.25,0.11,2.3,220.5
2024-01-01 03:53:00,22.6,45.3,1013.26,0.12,2.31,220.6
2024-01-01 03:54:00,22.4,45.1,1013.24,0.13,2.29,220.4
2024-01-01 03:55:00,22.7,45.4,1013.27,0.12,2.32,220.7
2024-01-01 03:56:00,22.5,45.2,1013.25,0.11,2.3,220.5
2024-01-01 03:57:00,22.6,45.3,1013.26,0.12,2.31,220.6
2024-01-01 03:58:00,22.4,45.1,1013.24,0.13,2.29,220.4
2024-01-01 03:59:00,22.7,45.4,1013.27,0.12,2.32,220.7
2024-01-01 04:00:00,22.5,45.2,1013.25,0.11,2.3,220.5
